--------------------------------------------------------
--  파일이 생성됨 - 화요일-6월-11-2019   
--------------------------------------------------------
DROP SEQUENCE "HELLOWORLD"."SEQ_EVENT_NO";
DROP SEQUENCE "HELLOWORLD"."SEQ_NOTICE_NO";
DROP SEQUENCE "HELLOWORLD"."SEQ_PHOTO_NO";
DROP SEQUENCE "HELLOWORLD"."SEQ_PLACE_ID";
DROP SEQUENCE "HELLOWORLD"."SEQ_PLACE_LIST_NO";
DROP SEQUENCE "HELLOWORLD"."SEQ_PLAN_NO";
DROP SEQUENCE "HELLOWORLD"."SEQ_QUESTION_COMMENT_NO";
DROP SEQUENCE "HELLOWORLD"."SEQ_QUESTION_NO";
DROP SEQUENCE "HELLOWORLD"."SEQ_REVIEW_COMMENT_NO";
DROP SEQUENCE "HELLOWORLD"."SEQ_REVIEW_NO";
DROP TABLE "HELLOWORLD"."CHAT_LIST" cascade constraints;
DROP TABLE "HELLOWORLD"."CITY" cascade constraints;
DROP TABLE "HELLOWORLD"."CITY_IMG" cascade constraints;
DROP TABLE "HELLOWORLD"."CONN_STAT" cascade constraints;
DROP TABLE "HELLOWORLD"."EVENT" cascade constraints;
DROP TABLE "HELLOWORLD"."EVENT_PHOTO" cascade constraints;
DROP TABLE "HELLOWORLD"."LIKECOUNT" cascade constraints;
DROP TABLE "HELLOWORLD"."MEMBER" cascade constraints;
DROP TABLE "HELLOWORLD"."MEMBER_DEL" cascade constraints;
DROP TABLE "HELLOWORLD"."NATIONAL" cascade constraints;
DROP TABLE "HELLOWORLD"."NATIONAL_INFO" cascade constraints;
DROP TABLE "HELLOWORLD"."NOTICE" cascade constraints;
DROP TABLE "HELLOWORLD"."PLACE" cascade constraints;
DROP TABLE "HELLOWORLD"."PLACE_CODE" cascade constraints;
DROP TABLE "HELLOWORLD"."PLACE_LIST" cascade constraints;
DROP TABLE "HELLOWORLD"."PLAN" cascade constraints;
DROP TABLE "HELLOWORLD"."QUESTION_BOARD" cascade constraints;
DROP TABLE "HELLOWORLD"."QUESTION_COMMENT" cascade constraints;
DROP TABLE "HELLOWORLD"."REVIEW" cascade constraints;
DROP TABLE "HELLOWORLD"."REVIEW_COMMENT" cascade constraints;
DROP TABLE "HELLOWORLD"."REVIEW_PHOTO" cascade constraints;
DROP TABLE "HELLOWORLD"."WISH_PLACE" cascade constraints;
--------------------------------------------------------
--  DDL for Sequence SEQ_EVENT_NO
--------------------------------------------------------

   CREATE SEQUENCE  "HELLOWORLD"."SEQ_EVENT_NO"  MINVALUE 1 MAXVALUE 9999999999999999999999999999 INCREMENT BY 1 START WITH 1 CACHE 20 NOORDER  NOCYCLE ;
--------------------------------------------------------
--  DDL for Sequence SEQ_NOTICE_NO
--------------------------------------------------------

   CREATE SEQUENCE  "HELLOWORLD"."SEQ_NOTICE_NO"  MINVALUE 1 MAXVALUE 9999999999999999999999999999 INCREMENT BY 1 START WITH 21 CACHE 20 NOORDER  NOCYCLE ;
--------------------------------------------------------
--  DDL for Sequence SEQ_PHOTO_NO
--------------------------------------------------------

   CREATE SEQUENCE  "HELLOWORLD"."SEQ_PHOTO_NO"  MINVALUE 1 MAXVALUE 9999999999999999999999999999 INCREMENT BY 1 START WITH 81 CACHE 20 NOORDER  NOCYCLE ;
--------------------------------------------------------
--  DDL for Sequence SEQ_PLACE_ID
--------------------------------------------------------

   CREATE SEQUENCE  "HELLOWORLD"."SEQ_PLACE_ID"  MINVALUE 1 MAXVALUE 9999999999999999999999999999 INCREMENT BY 1 START WITH 1 CACHE 20 NOORDER  NOCYCLE ;
--------------------------------------------------------
--  DDL for Sequence SEQ_PLACE_LIST_NO
--------------------------------------------------------

   CREATE SEQUENCE  "HELLOWORLD"."SEQ_PLACE_LIST_NO"  MINVALUE 1 MAXVALUE 9999999999999999999999999999 INCREMENT BY 1 START WITH 41 CACHE 20 NOORDER  NOCYCLE ;
--------------------------------------------------------
--  DDL for Sequence SEQ_PLAN_NO
--------------------------------------------------------

   CREATE SEQUENCE  "HELLOWORLD"."SEQ_PLAN_NO"  MINVALUE 1 MAXVALUE 9999999999999999999999999999 INCREMENT BY 1 START WITH 41 CACHE 20 NOORDER  NOCYCLE ;
--------------------------------------------------------
--  DDL for Sequence SEQ_QUESTION_COMMENT_NO
--------------------------------------------------------

   CREATE SEQUENCE  "HELLOWORLD"."SEQ_QUESTION_COMMENT_NO"  MINVALUE 1 MAXVALUE 9999999999999999999999999999 INCREMENT BY 1 START WITH 1 CACHE 20 NOORDER  NOCYCLE ;
--------------------------------------------------------
--  DDL for Sequence SEQ_QUESTION_NO
--------------------------------------------------------

   CREATE SEQUENCE  "HELLOWORLD"."SEQ_QUESTION_NO"  MINVALUE 1 MAXVALUE 9999999999999999999999999999 INCREMENT BY 1 START WITH 41 CACHE 20 NOORDER  NOCYCLE ;
--------------------------------------------------------
--  DDL for Sequence SEQ_REVIEW_COMMENT_NO
--------------------------------------------------------

   CREATE SEQUENCE  "HELLOWORLD"."SEQ_REVIEW_COMMENT_NO"  MINVALUE 1 MAXVALUE 9999999999999999999999999999 INCREMENT BY 1 START WITH 61 CACHE 20 NOORDER  NOCYCLE ;
--------------------------------------------------------
--  DDL for Sequence SEQ_REVIEW_NO
--------------------------------------------------------

   CREATE SEQUENCE  "HELLOWORLD"."SEQ_REVIEW_NO"  MINVALUE 1 MAXVALUE 9999999999999999999999999999 INCREMENT BY 1 START WITH 61 CACHE 20 NOORDER  NOCYCLE ;
--------------------------------------------------------
--  DDL for Table CHAT_LIST
--------------------------------------------------------

  CREATE TABLE "HELLOWORLD"."CHAT_LIST" 
   (	"SENDER" VARCHAR2(30 BYTE), 
	"RECIVER" VARCHAR2(30 BYTE), 
	"CHAT_CONTENT" CLOB, 
	"CHAT_TIME" NUMBER DEFAULT to_number(to_char(sysdate, 'yyyymmddhh24miss'))
   ) SEGMENT CREATION IMMEDIATE 
  PCTFREE 10 PCTUSED 40 INITRANS 1 MAXTRANS 255 NOCOMPRESS LOGGING
  STORAGE(INITIAL 65536 NEXT 1048576 MINEXTENTS 1 MAXEXTENTS 2147483645
  PCTINCREASE 0 FREELISTS 1 FREELIST GROUPS 1 BUFFER_POOL DEFAULT FLASH_CACHE DEFAULT CELL_FLASH_CACHE DEFAULT)
  TABLESPACE "USERS" 
 LOB ("CHAT_CONTENT") STORE AS BASICFILE (
  TABLESPACE "USERS" ENABLE STORAGE IN ROW CHUNK 8192 RETENTION 
  NOCACHE LOGGING 
  STORAGE(INITIAL 65536 NEXT 1048576 MINEXTENTS 1 MAXEXTENTS 2147483645
  PCTINCREASE 0 FREELISTS 1 FREELIST GROUPS 1 BUFFER_POOL DEFAULT FLASH_CACHE DEFAULT CELL_FLASH_CACHE DEFAULT)) ;

   COMMENT ON COLUMN "HELLOWORLD"."CHAT_LIST"."SENDER" IS '보낸사람';
   COMMENT ON COLUMN "HELLOWORLD"."CHAT_LIST"."RECIVER" IS '받는사람';
   COMMENT ON COLUMN "HELLOWORLD"."CHAT_LIST"."CHAT_CONTENT" IS '채팅내용';
   COMMENT ON COLUMN "HELLOWORLD"."CHAT_LIST"."CHAT_TIME" IS '보낸시각';
   COMMENT ON TABLE "HELLOWORLD"."CHAT_LIST"  IS '채팅기록';
--------------------------------------------------------
--  DDL for Table CITY
--------------------------------------------------------

  CREATE TABLE "HELLOWORLD"."CITY" 
   (	"CITY_CODE_1" VARCHAR2(20 BYTE), 
	"NATIONAL_CODE" VARCHAR2(20 BYTE), 
	"CITY_NAME" VARCHAR2(50 BYTE)
   ) SEGMENT CREATION IMMEDIATE 
  PCTFREE 10 PCTUSED 40 INITRANS 1 MAXTRANS 255 NOCOMPRESS LOGGING
  STORAGE(INITIAL 65536 NEXT 1048576 MINEXTENTS 1 MAXEXTENTS 2147483645
  PCTINCREASE 0 FREELISTS 1 FREELIST GROUPS 1 BUFFER_POOL DEFAULT FLASH_CACHE DEFAULT CELL_FLASH_CACHE DEFAULT)
  TABLESPACE "USERS" ;

   COMMENT ON COLUMN "HELLOWORLD"."CITY"."CITY_CODE_1" IS '도시코드';
   COMMENT ON COLUMN "HELLOWORLD"."CITY"."NATIONAL_CODE" IS '국가코드';
   COMMENT ON COLUMN "HELLOWORLD"."CITY"."CITY_NAME" IS '도시이름';
   COMMENT ON TABLE "HELLOWORLD"."CITY"  IS '도시테이블';
--------------------------------------------------------
--  DDL for Table CITY_IMG
--------------------------------------------------------

  CREATE TABLE "HELLOWORLD"."CITY_IMG" 
   (	"CITY_CODE_1" VARCHAR2(20 BYTE), 
	"CITY_IMG" VARCHAR2(100 BYTE), 
	"CITY_NAME" VARCHAR2(30 BYTE)
   ) SEGMENT CREATION IMMEDIATE 
  PCTFREE 10 PCTUSED 40 INITRANS 1 MAXTRANS 255 NOCOMPRESS LOGGING
  STORAGE(INITIAL 65536 NEXT 1048576 MINEXTENTS 1 MAXEXTENTS 2147483645
  PCTINCREASE 0 FREELISTS 1 FREELIST GROUPS 1 BUFFER_POOL DEFAULT FLASH_CACHE DEFAULT CELL_FLASH_CACHE DEFAULT)
  TABLESPACE "USERS" ;

   COMMENT ON COLUMN "HELLOWORLD"."CITY_IMG"."CITY_CODE_1" IS '도시코드';
   COMMENT ON COLUMN "HELLOWORLD"."CITY_IMG"."CITY_IMG" IS '도시사진';
   COMMENT ON TABLE "HELLOWORLD"."CITY_IMG"  IS '도시사진테이블';
--------------------------------------------------------
--  DDL for Table CONN_STAT
--------------------------------------------------------

  CREATE TABLE "HELLOWORLD"."CONN_STAT" 
   (	"MEMBER_ID" VARCHAR2(30 BYTE), 
	"JSESSION_ID" VARCHAR2(50 BYTE), 
	"TODAY" DATE DEFAULT sysdate
   ) SEGMENT CREATION IMMEDIATE 
  PCTFREE 10 PCTUSED 40 INITRANS 1 MAXTRANS 255 NOCOMPRESS LOGGING
  STORAGE(INITIAL 65536 NEXT 1048576 MINEXTENTS 1 MAXEXTENTS 2147483645
  PCTINCREASE 0 FREELISTS 1 FREELIST GROUPS 1 BUFFER_POOL DEFAULT FLASH_CACHE DEFAULT CELL_FLASH_CACHE DEFAULT)
  TABLESPACE "USERS" ;

   COMMENT ON COLUMN "HELLOWORLD"."CONN_STAT"."MEMBER_ID" IS '아이디';
   COMMENT ON COLUMN "HELLOWORLD"."CONN_STAT"."JSESSION_ID" IS '쿠키';
   COMMENT ON COLUMN "HELLOWORLD"."CONN_STAT"."TODAY" IS '날짜';
   COMMENT ON TABLE "HELLOWORLD"."CONN_STAT"  IS '접속자수 통계';
--------------------------------------------------------
--  DDL for Table EVENT
--------------------------------------------------------

  CREATE TABLE "HELLOWORLD"."EVENT" 
   (	"EVENT_NO" NUMBER, 
	"EVENT_TITLE" VARCHAR2(100 BYTE), 
	"EVENT_CONTENT" LONG, 
	"EVENT_DATE" DATE DEFAULT sysdate
   ) SEGMENT CREATION IMMEDIATE 
  PCTFREE 10 PCTUSED 40 INITRANS 1 MAXTRANS 255 NOCOMPRESS LOGGING
  STORAGE(INITIAL 65536 NEXT 1048576 MINEXTENTS 1 MAXEXTENTS 2147483645
  PCTINCREASE 0 FREELISTS 1 FREELIST GROUPS 1 BUFFER_POOL DEFAULT FLASH_CACHE DEFAULT CELL_FLASH_CACHE DEFAULT)
  TABLESPACE "USERS" ;

   COMMENT ON COLUMN "HELLOWORLD"."EVENT"."EVENT_NO" IS '이벤트번호';
   COMMENT ON COLUMN "HELLOWORLD"."EVENT"."EVENT_TITLE" IS '이벤트제목';
   COMMENT ON COLUMN "HELLOWORLD"."EVENT"."EVENT_CONTENT" IS '이벤트내용';
   COMMENT ON COLUMN "HELLOWORLD"."EVENT"."EVENT_DATE" IS '작성일';
   COMMENT ON TABLE "HELLOWORLD"."EVENT"  IS '이벤트 테이블';
--------------------------------------------------------
--  DDL for Table EVENT_PHOTO
--------------------------------------------------------

  CREATE TABLE "HELLOWORLD"."EVENT_PHOTO" 
   (	"EVENT_NO" NUMBER, 
	"ORIGINAL_FILENAME" VARCHAR2(100 BYTE), 
	"RENAMED_FILENAME" VARCHAR2(100 BYTE)
   ) SEGMENT CREATION IMMEDIATE 
  PCTFREE 10 PCTUSED 40 INITRANS 1 MAXTRANS 255 NOCOMPRESS LOGGING
  STORAGE(INITIAL 65536 NEXT 1048576 MINEXTENTS 1 MAXEXTENTS 2147483645
  PCTINCREASE 0 FREELISTS 1 FREELIST GROUPS 1 BUFFER_POOL DEFAULT FLASH_CACHE DEFAULT CELL_FLASH_CACHE DEFAULT)
  TABLESPACE "USERS" ;

   COMMENT ON COLUMN "HELLOWORLD"."EVENT_PHOTO"."EVENT_NO" IS '이벤트번호';
   COMMENT ON COLUMN "HELLOWORLD"."EVENT_PHOTO"."ORIGINAL_FILENAME" IS '파일명(변경전)';
   COMMENT ON COLUMN "HELLOWORLD"."EVENT_PHOTO"."RENAMED_FILENAME" IS '파일명(변경후)';
   COMMENT ON TABLE "HELLOWORLD"."EVENT_PHOTO"  IS '이벤트 테이블';
--------------------------------------------------------
--  DDL for Table LIKECOUNT
--------------------------------------------------------

  CREATE TABLE "HELLOWORLD"."LIKECOUNT" 
   (	"LOGGED_ID" VARCHAR2(50 BYTE), 
	"LIKE_REVIEW_NO" NUMBER
   ) SEGMENT CREATION IMMEDIATE 
  PCTFREE 10 PCTUSED 40 INITRANS 1 MAXTRANS 255 NOCOMPRESS LOGGING
  STORAGE(INITIAL 65536 NEXT 1048576 MINEXTENTS 1 MAXEXTENTS 2147483645
  PCTINCREASE 0 FREELISTS 1 FREELIST GROUPS 1 BUFFER_POOL DEFAULT FLASH_CACHE DEFAULT CELL_FLASH_CACHE DEFAULT)
  TABLESPACE "USERS" ;

   COMMENT ON COLUMN "HELLOWORLD"."LIKECOUNT"."LOGGED_ID" IS '회원명';
   COMMENT ON COLUMN "HELLOWORLD"."LIKECOUNT"."LIKE_REVIEW_NO" IS '리뷰번호';
   COMMENT ON TABLE "HELLOWORLD"."LIKECOUNT"  IS '좋아요';
--------------------------------------------------------
--  DDL for Table MEMBER
--------------------------------------------------------

  CREATE TABLE "HELLOWORLD"."MEMBER" 
   (	"MEMBER_ID" VARCHAR2(30 BYTE), 
	"MEMBER_NAME" VARCHAR2(30 BYTE), 
	"PASSWORD" VARCHAR2(150 BYTE), 
	"PHONE" NUMBER, 
	"GENDER" VARCHAR2(10 BYTE), 
	"BIRTHDAY" DATE, 
	"MEMBER_LIKE" VARCHAR2(50 BYTE), 
	"PASSWORD_CHECK" VARCHAR2(100 BYTE), 
	"PASSWORD_ANSWER" VARCHAR2(100 BYTE), 
	"ORIGINAL_IMGNAME" VARCHAR2(100 BYTE), 
	"RENAMED_IMGNAME" VARCHAR2(100 BYTE), 
	"JOINDATE" DATE DEFAULT sysdate
   ) SEGMENT CREATION IMMEDIATE 
  PCTFREE 10 PCTUSED 40 INITRANS 1 MAXTRANS 255 NOCOMPRESS LOGGING
  STORAGE(INITIAL 65536 NEXT 1048576 MINEXTENTS 1 MAXEXTENTS 2147483645
  PCTINCREASE 0 FREELISTS 1 FREELIST GROUPS 1 BUFFER_POOL DEFAULT FLASH_CACHE DEFAULT CELL_FLASH_CACHE DEFAULT)
  TABLESPACE "USERS" ;

   COMMENT ON COLUMN "HELLOWORLD"."MEMBER"."MEMBER_ID" IS '회원아이디';
   COMMENT ON COLUMN "HELLOWORLD"."MEMBER"."MEMBER_NAME" IS '회원이름';
   COMMENT ON COLUMN "HELLOWORLD"."MEMBER"."PASSWORD" IS '비밀번호';
   COMMENT ON COLUMN "HELLOWORLD"."MEMBER"."PHONE" IS '전화번호';
   COMMENT ON COLUMN "HELLOWORLD"."MEMBER"."GENDER" IS '성별';
   COMMENT ON COLUMN "HELLOWORLD"."MEMBER"."BIRTHDAY" IS '생년월일';
   COMMENT ON COLUMN "HELLOWORLD"."MEMBER"."MEMBER_LIKE" IS '회원취향';
   COMMENT ON COLUMN "HELLOWORLD"."MEMBER"."PASSWORD_CHECK" IS '비밀번호질문글';
   COMMENT ON COLUMN "HELLOWORLD"."MEMBER"."PASSWORD_ANSWER" IS '비밀번호확인글';
   COMMENT ON COLUMN "HELLOWORLD"."MEMBER"."ORIGINAL_IMGNAME" IS '프로필사진(이름변경전)';
   COMMENT ON COLUMN "HELLOWORLD"."MEMBER"."RENAMED_IMGNAME" IS '프로필사진(이름변경전)';
   COMMENT ON COLUMN "HELLOWORLD"."MEMBER"."JOINDATE" IS '가입일';
   COMMENT ON TABLE "HELLOWORLD"."MEMBER"  IS '회원테이블';
--------------------------------------------------------
--  DDL for Table MEMBER_DEL
--------------------------------------------------------

  CREATE TABLE "HELLOWORLD"."MEMBER_DEL" 
   (	"MEMBER_ID" VARCHAR2(30 BYTE), 
	"MEMBER_NAME" VARCHAR2(30 BYTE), 
	"PASSWORD" VARCHAR2(150 BYTE), 
	"PHONE" NUMBER, 
	"GENDER" VARCHAR2(10 BYTE), 
	"BIRTHDAY" DATE, 
	"MEMBER_LIKE" VARCHAR2(50 BYTE), 
	"JOINDATE" DATE DEFAULT sysdate, 
	"OUTDATE" DATE DEFAULT sysdate, 
	"DELETE_DATE" DATE DEFAULT sysdate+90
   ) SEGMENT CREATION IMMEDIATE 
  PCTFREE 10 PCTUSED 40 INITRANS 1 MAXTRANS 255 NOCOMPRESS LOGGING
  STORAGE(INITIAL 65536 NEXT 1048576 MINEXTENTS 1 MAXEXTENTS 2147483645
  PCTINCREASE 0 FREELISTS 1 FREELIST GROUPS 1 BUFFER_POOL DEFAULT FLASH_CACHE DEFAULT CELL_FLASH_CACHE DEFAULT)
  TABLESPACE "USERS" ;

   COMMENT ON COLUMN "HELLOWORLD"."MEMBER_DEL"."MEMBER_ID" IS '회원아이디';
   COMMENT ON COLUMN "HELLOWORLD"."MEMBER_DEL"."MEMBER_NAME" IS '회원이름';
   COMMENT ON COLUMN "HELLOWORLD"."MEMBER_DEL"."PASSWORD" IS '비밀번호';
   COMMENT ON COLUMN "HELLOWORLD"."MEMBER_DEL"."PHONE" IS '전화번호';
   COMMENT ON COLUMN "HELLOWORLD"."MEMBER_DEL"."GENDER" IS '성별';
   COMMENT ON COLUMN "HELLOWORLD"."MEMBER_DEL"."BIRTHDAY" IS '생년월일';
   COMMENT ON COLUMN "HELLOWORLD"."MEMBER_DEL"."MEMBER_LIKE" IS '회원취향';
   COMMENT ON COLUMN "HELLOWORLD"."MEMBER_DEL"."JOINDATE" IS '가입일';
   COMMENT ON COLUMN "HELLOWORLD"."MEMBER_DEL"."OUTDATE" IS '탈퇴일';
   COMMENT ON COLUMN "HELLOWORLD"."MEMBER_DEL"."DELETE_DATE" IS '삭제일';
   COMMENT ON TABLE "HELLOWORLD"."MEMBER_DEL"  IS '삭제회원테이블';
--------------------------------------------------------
--  DDL for Table NATIONAL
--------------------------------------------------------

  CREATE TABLE "HELLOWORLD"."NATIONAL" 
   (	"NATIONAL_CODE" VARCHAR2(20 BYTE), 
	"KOR_NATIONAL_NAME" VARCHAR2(50 BYTE), 
	"ENG_NATIONAL_NAME" VARCHAR2(100 BYTE), 
	"ALPHA2_CODE" VARCHAR2(5 BYTE), 
	"ALPHA3_CODE" VARCHAR2(5 BYTE), 
	"WEA_NAME" VARCHAR2(40 BYTE), 
	"CRC_CODE" VARCHAR2(5 BYTE), 
	"C_NAME" VARCHAR2(30 BYTE)
   ) SEGMENT CREATION IMMEDIATE 
  PCTFREE 10 PCTUSED 40 INITRANS 1 MAXTRANS 255 NOCOMPRESS LOGGING
  STORAGE(INITIAL 65536 NEXT 1048576 MINEXTENTS 1 MAXEXTENTS 2147483645
  PCTINCREASE 0 FREELISTS 1 FREELIST GROUPS 1 BUFFER_POOL DEFAULT FLASH_CACHE DEFAULT CELL_FLASH_CACHE DEFAULT)
  TABLESPACE "USERS" ;

   COMMENT ON COLUMN "HELLOWORLD"."NATIONAL"."NATIONAL_CODE" IS '국가코드';
   COMMENT ON COLUMN "HELLOWORLD"."NATIONAL"."KOR_NATIONAL_NAME" IS '국가이름(한글)';
   COMMENT ON COLUMN "HELLOWORLD"."NATIONAL"."ENG_NATIONAL_NAME" IS '국가이름(영문)';
   COMMENT ON COLUMN "HELLOWORLD"."NATIONAL"."ALPHA2_CODE" IS 'alpah2-코드';
   COMMENT ON COLUMN "HELLOWORLD"."NATIONAL"."ALPHA3_CODE" IS 'alpah3-코드';
   COMMENT ON COLUMN "HELLOWORLD"."NATIONAL"."WEA_NAME" IS '지역날씨코드';
   COMMENT ON COLUMN "HELLOWORLD"."NATIONAL"."CRC_CODE" IS '국가환율코드';
   COMMENT ON TABLE "HELLOWORLD"."NATIONAL"  IS '국가테이블';
--------------------------------------------------------
--  DDL for Table NATIONAL_INFO
--------------------------------------------------------

  CREATE TABLE "HELLOWORLD"."NATIONAL_INFO" 
   (	"NATIONAL_CODE" VARCHAR2(20 BYTE), 
	"BASE_INFO" VARCHAR2(1000 BYTE)
   ) SEGMENT CREATION IMMEDIATE 
  PCTFREE 10 PCTUSED 40 INITRANS 1 MAXTRANS 255 NOCOMPRESS LOGGING
  STORAGE(INITIAL 65536 NEXT 1048576 MINEXTENTS 1 MAXEXTENTS 2147483645
  PCTINCREASE 0 FREELISTS 1 FREELIST GROUPS 1 BUFFER_POOL DEFAULT FLASH_CACHE DEFAULT CELL_FLASH_CACHE DEFAULT)
  TABLESPACE "USERS" ;

   COMMENT ON COLUMN "HELLOWORLD"."NATIONAL_INFO"."NATIONAL_CODE" IS '국가코드';
   COMMENT ON COLUMN "HELLOWORLD"."NATIONAL_INFO"."BASE_INFO" IS '기본정보';
   COMMENT ON TABLE "HELLOWORLD"."NATIONAL_INFO"  IS '국가정보테이블';
--------------------------------------------------------
--  DDL for Table NOTICE
--------------------------------------------------------

  CREATE TABLE "HELLOWORLD"."NOTICE" 
   (	"NOTICE_NO" NUMBER, 
	"NOTICE_TITLE" VARCHAR2(100 BYTE), 
	"NOTICE_CONTENT" LONG, 
	"EVENT_CHECK" NUMBER DEFAULT 0, 
	"NOTICE_DATE" DATE DEFAULT sysdate
   ) SEGMENT CREATION IMMEDIATE 
  PCTFREE 10 PCTUSED 40 INITRANS 1 MAXTRANS 255 NOCOMPRESS LOGGING
  STORAGE(INITIAL 65536 NEXT 1048576 MINEXTENTS 1 MAXEXTENTS 2147483645
  PCTINCREASE 0 FREELISTS 1 FREELIST GROUPS 1 BUFFER_POOL DEFAULT FLASH_CACHE DEFAULT CELL_FLASH_CACHE DEFAULT)
  TABLESPACE "USERS" ;

   COMMENT ON COLUMN "HELLOWORLD"."NOTICE"."NOTICE_NO" IS '공지사항번호';
   COMMENT ON COLUMN "HELLOWORLD"."NOTICE"."NOTICE_TITLE" IS '공지사항제목';
   COMMENT ON COLUMN "HELLOWORLD"."NOTICE"."NOTICE_CONTENT" IS '공지사항내용';
   COMMENT ON COLUMN "HELLOWORLD"."NOTICE"."EVENT_CHECK" IS '이벤트채크';
   COMMENT ON COLUMN "HELLOWORLD"."NOTICE"."NOTICE_DATE" IS '작성일';
   COMMENT ON TABLE "HELLOWORLD"."NOTICE"  IS '공지사항 테이블';
--------------------------------------------------------
--  DDL for Table PLACE
--------------------------------------------------------

  CREATE TABLE "HELLOWORLD"."PLACE" 
   (	"PLACE_ID" VARCHAR2(50 BYTE), 
	"CITY_CODE_1" VARCHAR2(20 BYTE), 
	"PLACE_CODE" VARCHAR2(20 BYTE), 
	"PLACE_NAME" VARCHAR2(50 BYTE), 
	"PLACE_X" NUMBER, 
	"PLACE_Y" NUMBER, 
	"PLACE_RATING" NUMBER
   ) SEGMENT CREATION IMMEDIATE 
  PCTFREE 10 PCTUSED 40 INITRANS 1 MAXTRANS 255 NOCOMPRESS LOGGING
  STORAGE(INITIAL 65536 NEXT 1048576 MINEXTENTS 1 MAXEXTENTS 2147483645
  PCTINCREASE 0 FREELISTS 1 FREELIST GROUPS 1 BUFFER_POOL DEFAULT FLASH_CACHE DEFAULT CELL_FLASH_CACHE DEFAULT)
  TABLESPACE "USERS" ;

   COMMENT ON COLUMN "HELLOWORLD"."PLACE"."PLACE_ID" IS '장소번호';
   COMMENT ON COLUMN "HELLOWORLD"."PLACE"."CITY_CODE_1" IS '도시코드';
   COMMENT ON COLUMN "HELLOWORLD"."PLACE"."PLACE_CODE" IS '장소코드';
   COMMENT ON COLUMN "HELLOWORLD"."PLACE"."PLACE_NAME" IS '장소이름';
   COMMENT ON COLUMN "HELLOWORLD"."PLACE"."PLACE_X" IS '위도';
   COMMENT ON COLUMN "HELLOWORLD"."PLACE"."PLACE_Y" IS '경도';
   COMMENT ON COLUMN "HELLOWORLD"."PLACE"."PLACE_RATING" IS '장소평가';
   COMMENT ON TABLE "HELLOWORLD"."PLACE"  IS '장소테이블';
--------------------------------------------------------
--  DDL for Table PLACE_CODE
--------------------------------------------------------

  CREATE TABLE "HELLOWORLD"."PLACE_CODE" 
   (	"PLACE_CODE" VARCHAR2(20 BYTE), 
	"PLACE_KIND" VARCHAR2(30 BYTE)
   ) SEGMENT CREATION IMMEDIATE 
  PCTFREE 10 PCTUSED 40 INITRANS 1 MAXTRANS 255 NOCOMPRESS LOGGING
  STORAGE(INITIAL 65536 NEXT 1048576 MINEXTENTS 1 MAXEXTENTS 2147483645
  PCTINCREASE 0 FREELISTS 1 FREELIST GROUPS 1 BUFFER_POOL DEFAULT FLASH_CACHE DEFAULT CELL_FLASH_CACHE DEFAULT)
  TABLESPACE "USERS" ;

   COMMENT ON COLUMN "HELLOWORLD"."PLACE_CODE"."PLACE_CODE" IS '장소코드';
   COMMENT ON COLUMN "HELLOWORLD"."PLACE_CODE"."PLACE_KIND" IS '장소종류';
   COMMENT ON TABLE "HELLOWORLD"."PLACE_CODE"  IS '장소분류테이블';
--------------------------------------------------------
--  DDL for Table PLACE_LIST
--------------------------------------------------------

  CREATE TABLE "HELLOWORLD"."PLACE_LIST" 
   (	"PLACE_LIST_NO" NUMBER, 
	"PLAN_NO" NUMBER, 
	"DAY" NUMBER, 
	"PLACE_NAME" VARCHAR2(50 BYTE), 
	"PLACE_X" NUMBER, 
	"PLACE_Y" NUMBER, 
	"PLACE_COMMENT" VARCHAR2(1000 BYTE), 
	"PLACE_LIST_LEVEL" NUMBER
   ) SEGMENT CREATION IMMEDIATE 
  PCTFREE 10 PCTUSED 40 INITRANS 1 MAXTRANS 255 NOCOMPRESS LOGGING
  STORAGE(INITIAL 65536 NEXT 1048576 MINEXTENTS 1 MAXEXTENTS 2147483645
  PCTINCREASE 0 FREELISTS 1 FREELIST GROUPS 1 BUFFER_POOL DEFAULT FLASH_CACHE DEFAULT CELL_FLASH_CACHE DEFAULT)
  TABLESPACE "USERS" ;

   COMMENT ON COLUMN "HELLOWORLD"."PLACE_LIST"."PLACE_LIST_NO" IS '리스트번호';
   COMMENT ON COLUMN "HELLOWORLD"."PLACE_LIST"."PLAN_NO" IS '일정번호';
   COMMENT ON COLUMN "HELLOWORLD"."PLACE_LIST"."DAY" IS '일자';
   COMMENT ON COLUMN "HELLOWORLD"."PLACE_LIST"."PLACE_NAME" IS '장소이름';
   COMMENT ON COLUMN "HELLOWORLD"."PLACE_LIST"."PLACE_COMMENT" IS '메모';
   COMMENT ON COLUMN "HELLOWORLD"."PLACE_LIST"."PLACE_LIST_LEVEL" IS '리스트순서';
   COMMENT ON TABLE "HELLOWORLD"."PLACE_LIST"  IS '장소리스트 테이블';
--------------------------------------------------------
--  DDL for Table PLAN
--------------------------------------------------------

  CREATE TABLE "HELLOWORLD"."PLAN" 
   (	"PLAN_NO" NUMBER, 
	"MEMBER_ID" VARCHAR2(30 BYTE), 
	"PLAN_TITLE" VARCHAR2(30 BYTE), 
	"START_DATE" DATE, 
	"END_DATE" DATE, 
	"PLAN_LEVEL" NUMBER DEFAULT 0, 
	"LIKE_COUNT" NUMBER DEFAULT 0, 
	"READ_COUNT" NUMBER DEFAULT 0
   ) SEGMENT CREATION IMMEDIATE 
  PCTFREE 10 PCTUSED 40 INITRANS 1 MAXTRANS 255 NOCOMPRESS LOGGING
  STORAGE(INITIAL 65536 NEXT 1048576 MINEXTENTS 1 MAXEXTENTS 2147483645
  PCTINCREASE 0 FREELISTS 1 FREELIST GROUPS 1 BUFFER_POOL DEFAULT FLASH_CACHE DEFAULT CELL_FLASH_CACHE DEFAULT)
  TABLESPACE "USERS" ;

   COMMENT ON COLUMN "HELLOWORLD"."PLAN"."PLAN_NO" IS '일정번호';
   COMMENT ON COLUMN "HELLOWORLD"."PLAN"."MEMBER_ID" IS '회원아이디';
   COMMENT ON COLUMN "HELLOWORLD"."PLAN"."PLAN_TITLE" IS '일정제목';
   COMMENT ON COLUMN "HELLOWORLD"."PLAN"."START_DATE" IS '시작일';
   COMMENT ON COLUMN "HELLOWORLD"."PLAN"."END_DATE" IS '종료일';
   COMMENT ON COLUMN "HELLOWORLD"."PLAN"."PLAN_LEVEL" IS '공개/비공개';
   COMMENT ON COLUMN "HELLOWORLD"."PLAN"."LIKE_COUNT" IS '좋아요수';
   COMMENT ON COLUMN "HELLOWORLD"."PLAN"."READ_COUNT" IS '조회수';
   COMMENT ON TABLE "HELLOWORLD"."PLAN"  IS '일정 테이블';
--------------------------------------------------------
--  DDL for Table QUESTION_BOARD
--------------------------------------------------------

  CREATE TABLE "HELLOWORLD"."QUESTION_BOARD" 
   (	"QUESTION_NO" NUMBER, 
	"QUESTION_WRITER" VARCHAR2(30 BYTE), 
	"QUESTION_TITLE" VARCHAR2(50 BYTE), 
	"QUESTION_CONTENT" LONG, 
	"QUESTION_ORIGINAL_FILENAME" VARCHAR2(100 BYTE), 
	"QUESTION_RENAMED_FILENAME" VARCHAR2(100 BYTE), 
	"QUESTION_DATE" DATE DEFAULT sysdate, 
	"QUESTION_LEVEL" NUMBER DEFAULT 1, 
	"ANSWER_LEVEL" NUMBER DEFAULT 1
   ) SEGMENT CREATION IMMEDIATE 
  PCTFREE 10 PCTUSED 40 INITRANS 1 MAXTRANS 255 NOCOMPRESS LOGGING
  STORAGE(INITIAL 65536 NEXT 1048576 MINEXTENTS 1 MAXEXTENTS 2147483645
  PCTINCREASE 0 FREELISTS 1 FREELIST GROUPS 1 BUFFER_POOL DEFAULT FLASH_CACHE DEFAULT CELL_FLASH_CACHE DEFAULT)
  TABLESPACE "USERS" ;

   COMMENT ON COLUMN "HELLOWORLD"."QUESTION_BOARD"."QUESTION_NO" IS '문의번호';
   COMMENT ON COLUMN "HELLOWORLD"."QUESTION_BOARD"."QUESTION_WRITER" IS '작성자';
   COMMENT ON COLUMN "HELLOWORLD"."QUESTION_BOARD"."QUESTION_TITLE" IS '문의제목';
   COMMENT ON COLUMN "HELLOWORLD"."QUESTION_BOARD"."QUESTION_CONTENT" IS '문의내용';
   COMMENT ON COLUMN "HELLOWORLD"."QUESTION_BOARD"."QUESTION_ORIGINAL_FILENAME" IS '첨부파일(이름변경전)';
   COMMENT ON COLUMN "HELLOWORLD"."QUESTION_BOARD"."QUESTION_RENAMED_FILENAME" IS '첨부파일(이름변경후)';
   COMMENT ON COLUMN "HELLOWORLD"."QUESTION_BOARD"."QUESTION_DATE" IS '작성일';
   COMMENT ON COLUMN "HELLOWORLD"."QUESTION_BOARD"."QUESTION_LEVEL" IS '접근허용';
   COMMENT ON COLUMN "HELLOWORLD"."QUESTION_BOARD"."ANSWER_LEVEL" IS '문의완료여부';
   COMMENT ON TABLE "HELLOWORLD"."QUESTION_BOARD"  IS '문의 테이블';
--------------------------------------------------------
--  DDL for Table QUESTION_COMMENT
--------------------------------------------------------

  CREATE TABLE "HELLOWORLD"."QUESTION_COMMENT" 
   (	"QUESTION_COMMENT_NO" NUMBER, 
	"QUESTION_COMMENT_CONTENT" LONG, 
	"QUESTION_REF" NUMBER, 
	"QUESTION_COMMENT_DATE" DATE DEFAULT sysdate
   ) SEGMENT CREATION IMMEDIATE 
  PCTFREE 10 PCTUSED 40 INITRANS 1 MAXTRANS 255 NOCOMPRESS LOGGING
  STORAGE(INITIAL 65536 NEXT 1048576 MINEXTENTS 1 MAXEXTENTS 2147483645
  PCTINCREASE 0 FREELISTS 1 FREELIST GROUPS 1 BUFFER_POOL DEFAULT FLASH_CACHE DEFAULT CELL_FLASH_CACHE DEFAULT)
  TABLESPACE "USERS" ;

   COMMENT ON COLUMN "HELLOWORLD"."QUESTION_COMMENT"."QUESTION_COMMENT_NO" IS '문의답변번호';
   COMMENT ON COLUMN "HELLOWORLD"."QUESTION_COMMENT"."QUESTION_COMMENT_CONTENT" IS '문의번호';
   COMMENT ON COLUMN "HELLOWORLD"."QUESTION_COMMENT"."QUESTION_REF" IS '문의답변내용';
   COMMENT ON COLUMN "HELLOWORLD"."QUESTION_COMMENT"."QUESTION_COMMENT_DATE" IS '문의답변날짜';
   COMMENT ON TABLE "HELLOWORLD"."QUESTION_COMMENT"  IS '문의답변 테이블';
--------------------------------------------------------
--  DDL for Table REVIEW
--------------------------------------------------------

  CREATE TABLE "HELLOWORLD"."REVIEW" 
   (	"REVIEW_NO" NUMBER, 
	"MEMBER_ID" VARCHAR2(30 BYTE), 
	"PLACE_ID" VARCHAR2(50 BYTE), 
	"REVIEW_TITLE" VARCHAR2(50 BYTE), 
	"REVIEW_CONTENT" LONG, 
	"PLACE_RATING" NUMBER, 
	"LIKE_COUNT" NUMBER DEFAULT 0, 
	"READ_COUNT" NUMBER DEFAULT 0, 
	"REVIEW_DATE" DATE DEFAULT sysdate, 
	"CITY_CODE" VARCHAR2(20 BYTE)
   ) SEGMENT CREATION IMMEDIATE 
  PCTFREE 10 PCTUSED 40 INITRANS 1 MAXTRANS 255 NOCOMPRESS LOGGING
  STORAGE(INITIAL 65536 NEXT 1048576 MINEXTENTS 1 MAXEXTENTS 2147483645
  PCTINCREASE 0 FREELISTS 1 FREELIST GROUPS 1 BUFFER_POOL DEFAULT FLASH_CACHE DEFAULT CELL_FLASH_CACHE DEFAULT)
  TABLESPACE "USERS" ;

   COMMENT ON COLUMN "HELLOWORLD"."REVIEW"."REVIEW_NO" IS '리뷰번호';
   COMMENT ON COLUMN "HELLOWORLD"."REVIEW"."MEMBER_ID" IS '작성자';
   COMMENT ON COLUMN "HELLOWORLD"."REVIEW"."PLACE_ID" IS '장소번호';
   COMMENT ON COLUMN "HELLOWORLD"."REVIEW"."REVIEW_TITLE" IS '리뷰제목';
   COMMENT ON COLUMN "HELLOWORLD"."REVIEW"."REVIEW_CONTENT" IS '리뷰내용';
   COMMENT ON COLUMN "HELLOWORLD"."REVIEW"."PLACE_RATING" IS '장소평가';
   COMMENT ON COLUMN "HELLOWORLD"."REVIEW"."LIKE_COUNT" IS '좋아요수';
   COMMENT ON COLUMN "HELLOWORLD"."REVIEW"."READ_COUNT" IS '조회수';
   COMMENT ON COLUMN "HELLOWORLD"."REVIEW"."REVIEW_DATE" IS '작성일';
   COMMENT ON TABLE "HELLOWORLD"."REVIEW"  IS '리뷰 테이블';
--------------------------------------------------------
--  DDL for Table REVIEW_COMMENT
--------------------------------------------------------

  CREATE TABLE "HELLOWORLD"."REVIEW_COMMENT" 
   (	"REVIEW_COMMENT_NO" NUMBER, 
	"REVIEW_REF" NUMBER, 
	"REVIEW_COMMENT_WRITER" VARCHAR2(30 BYTE), 
	"REVIEW_COMMENT_REF" NUMBER, 
	"REVIEW_COMMENT_LEVEL" NUMBER DEFAULT 1, 
	"REVIEW_COMMENT_CONTENT" VARCHAR2(4000 BYTE), 
	"REVIEW_COMMENT_DATE" DATE DEFAULT sysdate
   ) SEGMENT CREATION IMMEDIATE 
  PCTFREE 10 PCTUSED 40 INITRANS 1 MAXTRANS 255 NOCOMPRESS LOGGING
  STORAGE(INITIAL 65536 NEXT 1048576 MINEXTENTS 1 MAXEXTENTS 2147483645
  PCTINCREASE 0 FREELISTS 1 FREELIST GROUPS 1 BUFFER_POOL DEFAULT FLASH_CACHE DEFAULT CELL_FLASH_CACHE DEFAULT)
  TABLESPACE "USERS" ;

   COMMENT ON COLUMN "HELLOWORLD"."REVIEW_COMMENT"."REVIEW_COMMENT_NO" IS '리뷰댓글번호';
   COMMENT ON COLUMN "HELLOWORLD"."REVIEW_COMMENT"."REVIEW_REF" IS '리뷰번호';
   COMMENT ON COLUMN "HELLOWORLD"."REVIEW_COMMENT"."REVIEW_COMMENT_WRITER" IS '회원아이디';
   COMMENT ON COLUMN "HELLOWORLD"."REVIEW_COMMENT"."REVIEW_COMMENT_REF" IS '부모댓글';
   COMMENT ON COLUMN "HELLOWORLD"."REVIEW_COMMENT"."REVIEW_COMMENT_LEVEL" IS '댓글/대댓글여부';
   COMMENT ON COLUMN "HELLOWORLD"."REVIEW_COMMENT"."REVIEW_COMMENT_CONTENT" IS '댓글내용';
   COMMENT ON COLUMN "HELLOWORLD"."REVIEW_COMMENT"."REVIEW_COMMENT_DATE" IS '작성일';
   COMMENT ON TABLE "HELLOWORLD"."REVIEW_COMMENT"  IS '리뷰댓글 테이블';
--------------------------------------------------------
--  DDL for Table REVIEW_PHOTO
--------------------------------------------------------

  CREATE TABLE "HELLOWORLD"."REVIEW_PHOTO" 
   (	"PHOTO_NO" NUMBER, 
	"REVIEW_NO" NUMBER, 
	"PHOTO_LEVEL" NUMBER DEFAULT 1, 
	"ORIGINAL_PHOTO_NAME" VARCHAR2(100 BYTE), 
	"RENAMDED_PHOTO_NAME" VARCHAR2(100 BYTE)
   ) SEGMENT CREATION IMMEDIATE 
  PCTFREE 10 PCTUSED 40 INITRANS 1 MAXTRANS 255 NOCOMPRESS LOGGING
  STORAGE(INITIAL 65536 NEXT 1048576 MINEXTENTS 1 MAXEXTENTS 2147483645
  PCTINCREASE 0 FREELISTS 1 FREELIST GROUPS 1 BUFFER_POOL DEFAULT FLASH_CACHE DEFAULT CELL_FLASH_CACHE DEFAULT)
  TABLESPACE "USERS" ;

   COMMENT ON COLUMN "HELLOWORLD"."REVIEW_PHOTO"."PHOTO_NO" IS '사진번호';
   COMMENT ON COLUMN "HELLOWORLD"."REVIEW_PHOTO"."REVIEW_NO" IS '리뷰번호';
   COMMENT ON COLUMN "HELLOWORLD"."REVIEW_PHOTO"."PHOTO_LEVEL" IS '메인사진여부';
   COMMENT ON COLUMN "HELLOWORLD"."REVIEW_PHOTO"."ORIGINAL_PHOTO_NAME" IS '사진파일(이름변경전)';
   COMMENT ON COLUMN "HELLOWORLD"."REVIEW_PHOTO"."RENAMDED_PHOTO_NAME" IS '사진파일(이름변경후)';
   COMMENT ON TABLE "HELLOWORLD"."REVIEW_PHOTO"  IS '리뷰사진 테이블';
--------------------------------------------------------
--  DDL for Table WISH_PLACE
--------------------------------------------------------

  CREATE TABLE "HELLOWORLD"."WISH_PLACE" 
   (	"MEMBER_ID" VARCHAR2(30 BYTE), 
	"PLACE_ID" VARCHAR2(50 BYTE), 
	"PLACE_NAME" VARCHAR2(50 BYTE), 
	"PLACE_X" NUMBER, 
	"PLACE_Y" NUMBER, 
	"DAY" DATE DEFAULT sysdate+15
   ) SEGMENT CREATION IMMEDIATE 
  PCTFREE 10 PCTUSED 40 INITRANS 1 MAXTRANS 255 NOCOMPRESS LOGGING
  STORAGE(INITIAL 65536 NEXT 1048576 MINEXTENTS 1 MAXEXTENTS 2147483645
  PCTINCREASE 0 FREELISTS 1 FREELIST GROUPS 1 BUFFER_POOL DEFAULT FLASH_CACHE DEFAULT CELL_FLASH_CACHE DEFAULT)
  TABLESPACE "USERS" ;

   COMMENT ON COLUMN "HELLOWORLD"."WISH_PLACE"."MEMBER_ID" IS '회원아이디';
   COMMENT ON COLUMN "HELLOWORLD"."WISH_PLACE"."PLACE_ID" IS '장소번호';
   COMMENT ON COLUMN "HELLOWORLD"."WISH_PLACE"."PLACE_NAME" IS '장소이름';
   COMMENT ON COLUMN "HELLOWORLD"."WISH_PLACE"."PLACE_X" IS '위도';
   COMMENT ON COLUMN "HELLOWORLD"."WISH_PLACE"."PLACE_Y" IS '경도';
   COMMENT ON COLUMN "HELLOWORLD"."WISH_PLACE"."DAY" IS '만료일';
   COMMENT ON TABLE "HELLOWORLD"."WISH_PLACE"  IS '위시리스트 테이블';
REM INSERTING into HELLOWORLD.CHAT_LIST
SET DEFINE OFF;
REM INSERTING into HELLOWORLD.CITY
SET DEFINE OFF;
Insert into HELLOWORLD.CITY (CITY_CODE_1,NATIONAL_CODE,CITY_NAME) values ('011','392','오키나와');
Insert into HELLOWORLD.CITY (CITY_CODE_1,NATIONAL_CODE,CITY_NAME) values ('012','392','오사카');
Insert into HELLOWORLD.CITY (CITY_CODE_1,NATIONAL_CODE,CITY_NAME) values ('013','392','삿포로');
Insert into HELLOWORLD.CITY (CITY_CODE_1,NATIONAL_CODE,CITY_NAME) values ('014','392','동경');
Insert into HELLOWORLD.CITY (CITY_CODE_1,NATIONAL_CODE,CITY_NAME) values ('015','392','대마도');
Insert into HELLOWORLD.CITY (CITY_CODE_1,NATIONAL_CODE,CITY_NAME) values ('021','156','북경');
Insert into HELLOWORLD.CITY (CITY_CODE_1,NATIONAL_CODE,CITY_NAME) values ('022','156','상해');
Insert into HELLOWORLD.CITY (CITY_CODE_1,NATIONAL_CODE,CITY_NAME) values ('023','156','장가계');
Insert into HELLOWORLD.CITY (CITY_CODE_1,NATIONAL_CODE,CITY_NAME) values ('024','156','황산');
Insert into HELLOWORLD.CITY (CITY_CODE_1,NATIONAL_CODE,CITY_NAME) values ('031','55','방콕');
Insert into HELLOWORLD.CITY (CITY_CODE_1,NATIONAL_CODE,CITY_NAME) values ('032','55','치앙마이');
Insert into HELLOWORLD.CITY (CITY_CODE_1,NATIONAL_CODE,CITY_NAME) values ('033','55','보라카이');
Insert into HELLOWORLD.CITY (CITY_CODE_1,NATIONAL_CODE,CITY_NAME) values ('034','55','싱가포르');
Insert into HELLOWORLD.CITY (CITY_CODE_1,NATIONAL_CODE,CITY_NAME) values ('041','840','뉴욕');
Insert into HELLOWORLD.CITY (CITY_CODE_1,NATIONAL_CODE,CITY_NAME) values ('042','840','LA');
Insert into HELLOWORLD.CITY (CITY_CODE_1,NATIONAL_CODE,CITY_NAME) values ('043','840','하와이');
Insert into HELLOWORLD.CITY (CITY_CODE_1,NATIONAL_CODE,CITY_NAME) values ('044','840','샌디에고');
Insert into HELLOWORLD.CITY (CITY_CODE_1,NATIONAL_CODE,CITY_NAME) values ('051','3','영국');
Insert into HELLOWORLD.CITY (CITY_CODE_1,NATIONAL_CODE,CITY_NAME) values ('052','3','프랑스');
Insert into HELLOWORLD.CITY (CITY_CODE_1,NATIONAL_CODE,CITY_NAME) values ('053','3','이탈리아');
Insert into HELLOWORLD.CITY (CITY_CODE_1,NATIONAL_CODE,CITY_NAME) values ('054','3','스페인');
Insert into HELLOWORLD.CITY (CITY_CODE_1,NATIONAL_CODE,CITY_NAME) values ('055','3','포르투갈');
Insert into HELLOWORLD.CITY (CITY_CODE_1,NATIONAL_CODE,CITY_NAME) values ('061','88','시드니');
Insert into HELLOWORLD.CITY (CITY_CODE_1,NATIONAL_CODE,CITY_NAME) values ('062','88','멜버른');
Insert into HELLOWORLD.CITY (CITY_CODE_1,NATIONAL_CODE,CITY_NAME) values ('063','88','골드코스트');
Insert into HELLOWORLD.CITY (CITY_CODE_1,NATIONAL_CODE,CITY_NAME) values ('064','88','뉴질랜드');
REM INSERTING into HELLOWORLD.CITY_IMG
SET DEFINE OFF;
Insert into HELLOWORLD.CITY_IMG (CITY_CODE_1,CITY_IMG,CITY_NAME) values ('011','/city_img/okinawa.jpg','오키나와');
Insert into HELLOWORLD.CITY_IMG (CITY_CODE_1,CITY_IMG,CITY_NAME) values ('012','/city_img/osaca.jpg','오사카');
Insert into HELLOWORLD.CITY_IMG (CITY_CODE_1,CITY_IMG,CITY_NAME) values ('013','/city_img/saporo.jpg','삿포로');
Insert into HELLOWORLD.CITY_IMG (CITY_CODE_1,CITY_IMG,CITY_NAME) values ('014','/city_img/honsu.png','  동경');
Insert into HELLOWORLD.CITY_IMG (CITY_CODE_1,CITY_IMG,CITY_NAME) values ('015','/city_img/daema.jpg','대마도');
Insert into HELLOWORLD.CITY_IMG (CITY_CODE_1,CITY_IMG,CITY_NAME) values ('021','/city_img/beijing.jpg','  북경');
Insert into HELLOWORLD.CITY_IMG (CITY_CODE_1,CITY_IMG,CITY_NAME) values ('022','/city_img/sanghai.png','  상해');
Insert into HELLOWORLD.CITY_IMG (CITY_CODE_1,CITY_IMG,CITY_NAME) values ('023','/city_img/janggagye.png','장가계');
Insert into HELLOWORLD.CITY_IMG (CITY_CODE_1,CITY_IMG,CITY_NAME) values ('024','/city_img/whangsan.jpg','  황산');
Insert into HELLOWORLD.CITY_IMG (CITY_CODE_1,CITY_IMG,CITY_NAME) values ('031','/city_img/bangkok.jpg','  방콕');
Insert into HELLOWORLD.CITY_IMG (CITY_CODE_1,CITY_IMG,CITY_NAME) values ('032','/city_img/chiang.jpg','치앙마이');
Insert into HELLOWORLD.CITY_IMG (CITY_CODE_1,CITY_IMG,CITY_NAME) values ('033','/city_img/boracai.jpg','보라카이');
Insert into HELLOWORLD.CITY_IMG (CITY_CODE_1,CITY_IMG,CITY_NAME) values ('034','/city_img/singapore.jpg','싱가포르');
Insert into HELLOWORLD.CITY_IMG (CITY_CODE_1,CITY_IMG,CITY_NAME) values ('041','/city_img/ny.jpg','  뉴욕');
Insert into HELLOWORLD.CITY_IMG (CITY_CODE_1,CITY_IMG,CITY_NAME) values ('042','/city_img/la.jpg','엘에이');
Insert into HELLOWORLD.CITY_IMG (CITY_CODE_1,CITY_IMG,CITY_NAME) values ('043','/city_img/hawaii.jpg','하와이');
Insert into HELLOWORLD.CITY_IMG (CITY_CODE_1,CITY_IMG,CITY_NAME) values ('044','/city_img/sd.jpg','샌디에고');
Insert into HELLOWORLD.CITY_IMG (CITY_CODE_1,CITY_IMG,CITY_NAME) values ('051','/city_img/uk.jpg','  영국');
Insert into HELLOWORLD.CITY_IMG (CITY_CODE_1,CITY_IMG,CITY_NAME) values ('052','/city_img/fr.jpg','프랑스');
Insert into HELLOWORLD.CITY_IMG (CITY_CODE_1,CITY_IMG,CITY_NAME) values ('053','/city_img/rome.jpg','이탈리아');
Insert into HELLOWORLD.CITY_IMG (CITY_CODE_1,CITY_IMG,CITY_NAME) values ('054','/city_img/spain.jpg','스페인');
Insert into HELLOWORLD.CITY_IMG (CITY_CODE_1,CITY_IMG,CITY_NAME) values ('055','/city_img/portugal.jpg','포르투갈');
Insert into HELLOWORLD.CITY_IMG (CITY_CODE_1,CITY_IMG,CITY_NAME) values ('061','/city_img/Sidney.jpg','시드니');
Insert into HELLOWORLD.CITY_IMG (CITY_CODE_1,CITY_IMG,CITY_NAME) values ('062','/city_img/melboune.jpg','멜버른');
Insert into HELLOWORLD.CITY_IMG (CITY_CODE_1,CITY_IMG,CITY_NAME) values ('063','/city_img/goldcoast.jpg','골드코스트');
Insert into HELLOWORLD.CITY_IMG (CITY_CODE_1,CITY_IMG,CITY_NAME) values ('064','/city_img/nz.jpg','뉴질랜드');
REM INSERTING into HELLOWORLD.CONN_STAT
SET DEFINE OFF;
Insert into HELLOWORLD.CONN_STAT (MEMBER_ID,JSESSION_ID,TODAY) values (null,'6D86A5FE0D4FBC8CCF90E3F85E1A2C7F',to_date('19/06/10','RR/MM/DD'));
Insert into HELLOWORLD.CONN_STAT (MEMBER_ID,JSESSION_ID,TODAY) values (null,'1154736B8462CAB28EF6ECB1FBB3BD49',to_date('19/06/10','RR/MM/DD'));
Insert into HELLOWORLD.CONN_STAT (MEMBER_ID,JSESSION_ID,TODAY) values ('admin','1154736B8462CAB28EF6ECB1FBB3BD49',to_date('19/06/10','RR/MM/DD'));
Insert into HELLOWORLD.CONN_STAT (MEMBER_ID,JSESSION_ID,TODAY) values (null,'B4D6DF9AB5915EB556F7C94A4ECEE4A7',to_date('19/06/10','RR/MM/DD'));
Insert into HELLOWORLD.CONN_STAT (MEMBER_ID,JSESSION_ID,TODAY) values (null,'B4D6DF9AB5915EB556F7C94A4ECEE4A7',to_date('19/06/10','RR/MM/DD'));
Insert into HELLOWORLD.CONN_STAT (MEMBER_ID,JSESSION_ID,TODAY) values (null,'B4D6DF9AB5915EB556F7C94A4ECEE4A7',to_date('19/06/10','RR/MM/DD'));
Insert into HELLOWORLD.CONN_STAT (MEMBER_ID,JSESSION_ID,TODAY) values (null,'B4D6DF9AB5915EB556F7C94A4ECEE4A7',to_date('19/06/10','RR/MM/DD'));
Insert into HELLOWORLD.CONN_STAT (MEMBER_ID,JSESSION_ID,TODAY) values ('admin','B4D6DF9AB5915EB556F7C94A4ECEE4A7',to_date('19/06/10','RR/MM/DD'));
Insert into HELLOWORLD.CONN_STAT (MEMBER_ID,JSESSION_ID,TODAY) values (null,'4EE3EACFACE08AEEE5D6356AB025F6C4',to_date('19/06/10','RR/MM/DD'));
Insert into HELLOWORLD.CONN_STAT (MEMBER_ID,JSESSION_ID,TODAY) values ('abcd','4EE3EACFACE08AEEE5D6356AB025F6C4',to_date('19/06/10','RR/MM/DD'));
Insert into HELLOWORLD.CONN_STAT (MEMBER_ID,JSESSION_ID,TODAY) values (null,'F4629F7B38A2F7FDD30B5F2CD3D0A6AA',to_date('19/06/10','RR/MM/DD'));
Insert into HELLOWORLD.CONN_STAT (MEMBER_ID,JSESSION_ID,TODAY) values ('abcd','F4629F7B38A2F7FDD30B5F2CD3D0A6AA',to_date('19/06/10','RR/MM/DD'));
Insert into HELLOWORLD.CONN_STAT (MEMBER_ID,JSESSION_ID,TODAY) values (null,'597E65FF4F615CA8DCCDA9C4CB63D611',to_date('19/06/10','RR/MM/DD'));
Insert into HELLOWORLD.CONN_STAT (MEMBER_ID,JSESSION_ID,TODAY) values ('admin','597E65FF4F615CA8DCCDA9C4CB63D611',to_date('19/06/10','RR/MM/DD'));
Insert into HELLOWORLD.CONN_STAT (MEMBER_ID,JSESSION_ID,TODAY) values (null,'A65820BEF655F1CE6EF20B404C940665',to_date('19/06/10','RR/MM/DD'));
Insert into HELLOWORLD.CONN_STAT (MEMBER_ID,JSESSION_ID,TODAY) values ('admin','A65820BEF655F1CE6EF20B404C940665',to_date('19/06/10','RR/MM/DD'));
Insert into HELLOWORLD.CONN_STAT (MEMBER_ID,JSESSION_ID,TODAY) values (null,'8FF5318D5F729A6BFF6FA8685F111B70',to_date('19/06/10','RR/MM/DD'));
Insert into HELLOWORLD.CONN_STAT (MEMBER_ID,JSESSION_ID,TODAY) values ('abcd','8FF5318D5F729A6BFF6FA8685F111B70',to_date('19/06/10','RR/MM/DD'));
Insert into HELLOWORLD.CONN_STAT (MEMBER_ID,JSESSION_ID,TODAY) values (null,'E626303E2E7F3B64538818AAAB4DDB97',to_date('19/06/10','RR/MM/DD'));
Insert into HELLOWORLD.CONN_STAT (MEMBER_ID,JSESSION_ID,TODAY) values ('admin','E626303E2E7F3B64538818AAAB4DDB97',to_date('19/06/10','RR/MM/DD'));
Insert into HELLOWORLD.CONN_STAT (MEMBER_ID,JSESSION_ID,TODAY) values (null,'7CF4DFE04C981963AD135A908CBF512C',to_date('19/06/10','RR/MM/DD'));
Insert into HELLOWORLD.CONN_STAT (MEMBER_ID,JSESSION_ID,TODAY) values ('admin','7CF4DFE04C981963AD135A908CBF512C',to_date('19/06/10','RR/MM/DD'));
Insert into HELLOWORLD.CONN_STAT (MEMBER_ID,JSESSION_ID,TODAY) values (null,'5ECC7BEA985D6CD3B5D9FEE4BD1D778A',to_date('19/06/10','RR/MM/DD'));
Insert into HELLOWORLD.CONN_STAT (MEMBER_ID,JSESSION_ID,TODAY) values (null,'62544D257FA358A5C6223C64AB1CD2E6',to_date('19/06/11','RR/MM/DD'));
Insert into HELLOWORLD.CONN_STAT (MEMBER_ID,JSESSION_ID,TODAY) values (null,'62544D257FA358A5C6223C64AB1CD2E6',to_date('19/06/11','RR/MM/DD'));
Insert into HELLOWORLD.CONN_STAT (MEMBER_ID,JSESSION_ID,TODAY) values (null,'62544D257FA358A5C6223C64AB1CD2E6',to_date('19/06/11','RR/MM/DD'));
Insert into HELLOWORLD.CONN_STAT (MEMBER_ID,JSESSION_ID,TODAY) values (null,'62544D257FA358A5C6223C64AB1CD2E6',to_date('19/06/11','RR/MM/DD'));
Insert into HELLOWORLD.CONN_STAT (MEMBER_ID,JSESSION_ID,TODAY) values ('admin','62544D257FA358A5C6223C64AB1CD2E6',to_date('19/06/11','RR/MM/DD'));
Insert into HELLOWORLD.CONN_STAT (MEMBER_ID,JSESSION_ID,TODAY) values ('admin','62544D257FA358A5C6223C64AB1CD2E6',to_date('19/06/11','RR/MM/DD'));
Insert into HELLOWORLD.CONN_STAT (MEMBER_ID,JSESSION_ID,TODAY) values (null,'7B27719DC3B90D4FF60585D369376E58',to_date('19/06/11','RR/MM/DD'));
Insert into HELLOWORLD.CONN_STAT (MEMBER_ID,JSESSION_ID,TODAY) values ('admin','7B27719DC3B90D4FF60585D369376E58',to_date('19/06/11','RR/MM/DD'));
Insert into HELLOWORLD.CONN_STAT (MEMBER_ID,JSESSION_ID,TODAY) values (null,'CCE421F728BF27773AF13CA04F158F65',to_date('19/06/11','RR/MM/DD'));
Insert into HELLOWORLD.CONN_STAT (MEMBER_ID,JSESSION_ID,TODAY) values (null,'CCE421F728BF27773AF13CA04F158F65',to_date('19/06/11','RR/MM/DD'));
Insert into HELLOWORLD.CONN_STAT (MEMBER_ID,JSESSION_ID,TODAY) values ('happy','DCF0D158BB034801558C94EA61432F01',to_date('19/06/11','RR/MM/DD'));
Insert into HELLOWORLD.CONN_STAT (MEMBER_ID,JSESSION_ID,TODAY) values (null,'F35D4C78070A565637AFF6BCE42C125C',to_date('19/06/10','RR/MM/DD'));
Insert into HELLOWORLD.CONN_STAT (MEMBER_ID,JSESSION_ID,TODAY) values (null,'F35D4C78070A565637AFF6BCE42C125C',to_date('19/06/10','RR/MM/DD'));
Insert into HELLOWORLD.CONN_STAT (MEMBER_ID,JSESSION_ID,TODAY) values (null,'F35D4C78070A565637AFF6BCE42C125C',to_date('19/06/10','RR/MM/DD'));
Insert into HELLOWORLD.CONN_STAT (MEMBER_ID,JSESSION_ID,TODAY) values (null,'F35D4C78070A565637AFF6BCE42C125C',to_date('19/06/10','RR/MM/DD'));
Insert into HELLOWORLD.CONN_STAT (MEMBER_ID,JSESSION_ID,TODAY) values (null,'283CB61A035463E7FA970D3374296E8D',to_date('19/06/10','RR/MM/DD'));
Insert into HELLOWORLD.CONN_STAT (MEMBER_ID,JSESSION_ID,TODAY) values ('admin','283CB61A035463E7FA970D3374296E8D',to_date('19/06/10','RR/MM/DD'));
Insert into HELLOWORLD.CONN_STAT (MEMBER_ID,JSESSION_ID,TODAY) values (null,'0A5FC13223D5F4DAFA1F6F025E385468',to_date('19/06/10','RR/MM/DD'));
Insert into HELLOWORLD.CONN_STAT (MEMBER_ID,JSESSION_ID,TODAY) values (null,'0A5FC13223D5F4DAFA1F6F025E385468',to_date('19/06/10','RR/MM/DD'));
Insert into HELLOWORLD.CONN_STAT (MEMBER_ID,JSESSION_ID,TODAY) values (null,'0A5FC13223D5F4DAFA1F6F025E385468',to_date('19/06/10','RR/MM/DD'));
Insert into HELLOWORLD.CONN_STAT (MEMBER_ID,JSESSION_ID,TODAY) values (null,'0A5FC13223D5F4DAFA1F6F025E385468',to_date('19/06/10','RR/MM/DD'));
Insert into HELLOWORLD.CONN_STAT (MEMBER_ID,JSESSION_ID,TODAY) values (null,'0A5FC13223D5F4DAFA1F6F025E385468',to_date('19/06/10','RR/MM/DD'));
Insert into HELLOWORLD.CONN_STAT (MEMBER_ID,JSESSION_ID,TODAY) values ('admin','0A5FC13223D5F4DAFA1F6F025E385468',to_date('19/06/10','RR/MM/DD'));
Insert into HELLOWORLD.CONN_STAT (MEMBER_ID,JSESSION_ID,TODAY) values (null,'C636BD435B0FD4B0F461B2705E59E59B',to_date('19/06/10','RR/MM/DD'));
Insert into HELLOWORLD.CONN_STAT (MEMBER_ID,JSESSION_ID,TODAY) values ('admin','C636BD435B0FD4B0F461B2705E59E59B',to_date('19/06/10','RR/MM/DD'));
Insert into HELLOWORLD.CONN_STAT (MEMBER_ID,JSESSION_ID,TODAY) values (null,'08282B365FB09FA9E76618586B1815D4',to_date('19/06/11','RR/MM/DD'));
Insert into HELLOWORLD.CONN_STAT (MEMBER_ID,JSESSION_ID,TODAY) values ('admin','08282B365FB09FA9E76618586B1815D4',to_date('19/06/11','RR/MM/DD'));
Insert into HELLOWORLD.CONN_STAT (MEMBER_ID,JSESSION_ID,TODAY) values (null,'21BE2FDC23AD3967CF9F74BA78C4BDF9',to_date('19/06/11','RR/MM/DD'));
Insert into HELLOWORLD.CONN_STAT (MEMBER_ID,JSESSION_ID,TODAY) values ('admin','21BE2FDC23AD3967CF9F74BA78C4BDF9',to_date('19/06/11','RR/MM/DD'));
Insert into HELLOWORLD.CONN_STAT (MEMBER_ID,JSESSION_ID,TODAY) values (null,'8B28A68EA99072BCEFD6492CED4973DC',to_date('19/06/11','RR/MM/DD'));
Insert into HELLOWORLD.CONN_STAT (MEMBER_ID,JSESSION_ID,TODAY) values ('admin','8B28A68EA99072BCEFD6492CED4973DC',to_date('19/06/11','RR/MM/DD'));
Insert into HELLOWORLD.CONN_STAT (MEMBER_ID,JSESSION_ID,TODAY) values (null,'4644D8C2F4C1E797593A3281EAC54359',to_date('19/06/11','RR/MM/DD'));
Insert into HELLOWORLD.CONN_STAT (MEMBER_ID,JSESSION_ID,TODAY) values ('admin','4644D8C2F4C1E797593A3281EAC54359',to_date('19/06/11','RR/MM/DD'));
Insert into HELLOWORLD.CONN_STAT (MEMBER_ID,JSESSION_ID,TODAY) values (null,'F9DDFFB391552234C4016949F1315367',to_date('19/06/11','RR/MM/DD'));
Insert into HELLOWORLD.CONN_STAT (MEMBER_ID,JSESSION_ID,TODAY) values ('admin','F9DDFFB391552234C4016949F1315367',to_date('19/06/11','RR/MM/DD'));
Insert into HELLOWORLD.CONN_STAT (MEMBER_ID,JSESSION_ID,TODAY) values (null,'A73F0AA522F923CAA0087E8D89139763',to_date('19/06/11','RR/MM/DD'));
Insert into HELLOWORLD.CONN_STAT (MEMBER_ID,JSESSION_ID,TODAY) values ('admin','A73F0AA522F923CAA0087E8D89139763',to_date('19/06/11','RR/MM/DD'));
Insert into HELLOWORLD.CONN_STAT (MEMBER_ID,JSESSION_ID,TODAY) values (null,'5E28BCEE0A305F9DDC821691515EE0A9',to_date('19/06/11','RR/MM/DD'));
Insert into HELLOWORLD.CONN_STAT (MEMBER_ID,JSESSION_ID,TODAY) values ('admin','5E28BCEE0A305F9DDC821691515EE0A9',to_date('19/06/11','RR/MM/DD'));
Insert into HELLOWORLD.CONN_STAT (MEMBER_ID,JSESSION_ID,TODAY) values (null,'54DC9A91C19DEEF3B8059EA0727EF0AB',to_date('19/06/11','RR/MM/DD'));
Insert into HELLOWORLD.CONN_STAT (MEMBER_ID,JSESSION_ID,TODAY) values ('admin','54DC9A91C19DEEF3B8059EA0727EF0AB',to_date('19/06/11','RR/MM/DD'));
Insert into HELLOWORLD.CONN_STAT (MEMBER_ID,JSESSION_ID,TODAY) values (null,'43CBF215358069FE3FA3E47D6134576D',to_date('19/06/11','RR/MM/DD'));
Insert into HELLOWORLD.CONN_STAT (MEMBER_ID,JSESSION_ID,TODAY) values ('admin','43CBF215358069FE3FA3E47D6134576D',to_date('19/06/11','RR/MM/DD'));
Insert into HELLOWORLD.CONN_STAT (MEMBER_ID,JSESSION_ID,TODAY) values (null,'881F4A4C72D8FEE864B0C533596542A8',to_date('19/06/11','RR/MM/DD'));
Insert into HELLOWORLD.CONN_STAT (MEMBER_ID,JSESSION_ID,TODAY) values ('admin','881F4A4C72D8FEE864B0C533596542A8',to_date('19/06/11','RR/MM/DD'));
Insert into HELLOWORLD.CONN_STAT (MEMBER_ID,JSESSION_ID,TODAY) values (null,'2E5A2FDE5E51D16CD0462F75BAB29678',to_date('19/06/11','RR/MM/DD'));
Insert into HELLOWORLD.CONN_STAT (MEMBER_ID,JSESSION_ID,TODAY) values ('admin','2E5A2FDE5E51D16CD0462F75BAB29678',to_date('19/06/11','RR/MM/DD'));
Insert into HELLOWORLD.CONN_STAT (MEMBER_ID,JSESSION_ID,TODAY) values (null,'99C433BEDF7FC518CB8E93EBF2FF4718',to_date('19/06/11','RR/MM/DD'));
Insert into HELLOWORLD.CONN_STAT (MEMBER_ID,JSESSION_ID,TODAY) values ('admin','99C433BEDF7FC518CB8E93EBF2FF4718',to_date('19/06/11','RR/MM/DD'));
Insert into HELLOWORLD.CONN_STAT (MEMBER_ID,JSESSION_ID,TODAY) values (null,'B1FA8602652E3DCCE463E9D10A506000',to_date('19/06/11','RR/MM/DD'));
Insert into HELLOWORLD.CONN_STAT (MEMBER_ID,JSESSION_ID,TODAY) values ('admin','B1FA8602652E3DCCE463E9D10A506000',to_date('19/06/11','RR/MM/DD'));
Insert into HELLOWORLD.CONN_STAT (MEMBER_ID,JSESSION_ID,TODAY) values (null,'83480BF3341C5B5E5F05824520D7104C',to_date('19/06/11','RR/MM/DD'));
Insert into HELLOWORLD.CONN_STAT (MEMBER_ID,JSESSION_ID,TODAY) values ('admin','83480BF3341C5B5E5F05824520D7104C',to_date('19/06/11','RR/MM/DD'));
Insert into HELLOWORLD.CONN_STAT (MEMBER_ID,JSESSION_ID,TODAY) values (null,'18D64CBB4AA0442CFFBCB54C9390A225',to_date('19/06/11','RR/MM/DD'));
Insert into HELLOWORLD.CONN_STAT (MEMBER_ID,JSESSION_ID,TODAY) values ('admin','18D64CBB4AA0442CFFBCB54C9390A225',to_date('19/06/11','RR/MM/DD'));
Insert into HELLOWORLD.CONN_STAT (MEMBER_ID,JSESSION_ID,TODAY) values (null,'719FEFF3F77A0D21704FE30D961D7B8B',to_date('19/06/11','RR/MM/DD'));
Insert into HELLOWORLD.CONN_STAT (MEMBER_ID,JSESSION_ID,TODAY) values (null,'AEC1459AE08E092AE73622AC0649D5DE',to_date('19/06/11','RR/MM/DD'));
Insert into HELLOWORLD.CONN_STAT (MEMBER_ID,JSESSION_ID,TODAY) values (null,'15A7EED1DE492825866839FF656F2DBB',to_date('19/06/11','RR/MM/DD'));
Insert into HELLOWORLD.CONN_STAT (MEMBER_ID,JSESSION_ID,TODAY) values ('admin','15A7EED1DE492825866839FF656F2DBB',to_date('19/06/11','RR/MM/DD'));
Insert into HELLOWORLD.CONN_STAT (MEMBER_ID,JSESSION_ID,TODAY) values (null,'D95F6507FF8AEF42BB460A1F367BE905',to_date('19/06/11','RR/MM/DD'));
Insert into HELLOWORLD.CONN_STAT (MEMBER_ID,JSESSION_ID,TODAY) values ('admin','D95F6507FF8AEF42BB460A1F367BE905',to_date('19/06/11','RR/MM/DD'));
Insert into HELLOWORLD.CONN_STAT (MEMBER_ID,JSESSION_ID,TODAY) values (null,'9C98D6E2234283D7FAD085E26B28165A',to_date('19/06/11','RR/MM/DD'));
Insert into HELLOWORLD.CONN_STAT (MEMBER_ID,JSESSION_ID,TODAY) values ('admin','9C98D6E2234283D7FAD085E26B28165A',to_date('19/06/11','RR/MM/DD'));
Insert into HELLOWORLD.CONN_STAT (MEMBER_ID,JSESSION_ID,TODAY) values (null,'6E612EA8F7C4C502777D6387F5B12726',to_date('19/06/11','RR/MM/DD'));
Insert into HELLOWORLD.CONN_STAT (MEMBER_ID,JSESSION_ID,TODAY) values ('admin','6E612EA8F7C4C502777D6387F5B12726',to_date('19/06/11','RR/MM/DD'));
Insert into HELLOWORLD.CONN_STAT (MEMBER_ID,JSESSION_ID,TODAY) values (null,'BF067D56CF106A2126B686144A71C1B9',to_date('19/06/11','RR/MM/DD'));
Insert into HELLOWORLD.CONN_STAT (MEMBER_ID,JSESSION_ID,TODAY) values ('admin','BF067D56CF106A2126B686144A71C1B9',to_date('19/06/11','RR/MM/DD'));
Insert into HELLOWORLD.CONN_STAT (MEMBER_ID,JSESSION_ID,TODAY) values ('admin','CCE421F728BF27773AF13CA04F158F65',to_date('19/06/11','RR/MM/DD'));
Insert into HELLOWORLD.CONN_STAT (MEMBER_ID,JSESSION_ID,TODAY) values ('admin','CCE421F728BF27773AF13CA04F158F65',to_date('19/06/11','RR/MM/DD'));
Insert into HELLOWORLD.CONN_STAT (MEMBER_ID,JSESSION_ID,TODAY) values (null,'DCF0D158BB034801558C94EA61432F01',to_date('19/06/11','RR/MM/DD'));
Insert into HELLOWORLD.CONN_STAT (MEMBER_ID,JSESSION_ID,TODAY) values (null,'084BEA17DA3B59B1AE72F7BFA7AD4BC7',to_date('19/06/11','RR/MM/DD'));
Insert into HELLOWORLD.CONN_STAT (MEMBER_ID,JSESSION_ID,TODAY) values ('happy','084BEA17DA3B59B1AE72F7BFA7AD4BC7',to_date('19/06/11','RR/MM/DD'));
Insert into HELLOWORLD.CONN_STAT (MEMBER_ID,JSESSION_ID,TODAY) values (null,'28A7F63410A9DEB67D2E258E080877CC',to_date('19/06/10','RR/MM/DD'));
Insert into HELLOWORLD.CONN_STAT (MEMBER_ID,JSESSION_ID,TODAY) values ('admin','28A7F63410A9DEB67D2E258E080877CC',to_date('19/06/10','RR/MM/DD'));
Insert into HELLOWORLD.CONN_STAT (MEMBER_ID,JSESSION_ID,TODAY) values (null,'5ECC7BEA985D6CD3B5D9FEE4BD1D778A',to_date('19/06/10','RR/MM/DD'));
Insert into HELLOWORLD.CONN_STAT (MEMBER_ID,JSESSION_ID,TODAY) values (null,'5ECC7BEA985D6CD3B5D9FEE4BD1D778A',to_date('19/06/10','RR/MM/DD'));
Insert into HELLOWORLD.CONN_STAT (MEMBER_ID,JSESSION_ID,TODAY) values ('admin','5ECC7BEA985D6CD3B5D9FEE4BD1D778A',to_date('19/06/10','RR/MM/DD'));
Insert into HELLOWORLD.CONN_STAT (MEMBER_ID,JSESSION_ID,TODAY) values (null,'62544D257FA358A5C6223C64AB1CD2E6',to_date('19/06/11','RR/MM/DD'));
REM INSERTING into HELLOWORLD.EVENT
SET DEFINE OFF;
REM INSERTING into HELLOWORLD.EVENT_PHOTO
SET DEFINE OFF;
REM INSERTING into HELLOWORLD.LIKECOUNT
SET DEFINE OFF;
Insert into HELLOWORLD.LIKECOUNT (LOGGED_ID,LIKE_REVIEW_NO) values ('abcd',2);
Insert into HELLOWORLD.LIKECOUNT (LOGGED_ID,LIKE_REVIEW_NO) values ('admin',3);
Insert into HELLOWORLD.LIKECOUNT (LOGGED_ID,LIKE_REVIEW_NO) values ('happy',40);
Insert into HELLOWORLD.LIKECOUNT (LOGGED_ID,LIKE_REVIEW_NO) values ('happy',39);
REM INSERTING into HELLOWORLD.MEMBER
SET DEFINE OFF;
Insert into HELLOWORLD.MEMBER (MEMBER_ID,MEMBER_NAME,PASSWORD,PHONE,GENDER,BIRTHDAY,MEMBER_LIKE,PASSWORD_CHECK,PASSWORD_ANSWER,ORIGINAL_IMGNAME,RENAMED_IMGNAME,JOINDATE) values ('admin','관리자','HXPL/iTPiUlU7h4cQCJexs/MgnlOuDh0nDK3f0M/pCXGFHpJgRfcdHHRbk5RY6Cpd1gScU7b9W5xbKwunhgfEQ==',1013134848,'F',to_date('94/07/23','RR/MM/DD'),'맛집,관광,휴양,레저','나의 고향은?','헬로월','adminProfile.png','20190611_212437799_586.png',to_date('19/06/11','RR/MM/DD'));
Insert into HELLOWORLD.MEMBER (MEMBER_ID,MEMBER_NAME,PASSWORD,PHONE,GENDER,BIRTHDAY,MEMBER_LIKE,PASSWORD_CHECK,PASSWORD_ANSWER,ORIGINAL_IMGNAME,RENAMED_IMGNAME,JOINDATE) values ('testuser','테스트','q/aGuP+PRObehifG1MQE2zB3Ml+/UdfM4+ZOCPNdQrRg7EzXaFw9b1QPekNEQz+jOkMZIauDxEoFl6K+cxcRuw==',1045673214,'F',to_date('80/05/23','RR/MM/DD'),'맛집,관광,휴양','나의 고향은?','제주도','nonProfile.png','20190611_230428051_562.png',to_date('19/06/11','RR/MM/DD'));
REM INSERTING into HELLOWORLD.MEMBER_DEL
SET DEFINE OFF;
Insert into HELLOWORLD.MEMBER_DEL (MEMBER_ID,MEMBER_NAME,PASSWORD,PHONE,GENDER,BIRTHDAY,MEMBER_LIKE,JOINDATE,OUTDATE,DELETE_DATE) values ('admin','관리자','HXPL/iTPiUlU7h4cQCJexs/MgnlOuDh0nDK3f0M/pCXGFHpJgRfcdHHRbk5RY6Cpd1gScU7b9W5xbKwunhgfEQ==',1012124545,'F',to_date('94/07/23','RR/MM/DD'),'맛집,관광,휴양,레저',to_date('19/06/10','RR/MM/DD'),to_date('19/06/11','RR/MM/DD'),to_date('19/09/09','RR/MM/DD'));
Insert into HELLOWORLD.MEMBER_DEL (MEMBER_ID,MEMBER_NAME,PASSWORD,PHONE,GENDER,BIRTHDAY,MEMBER_LIKE,JOINDATE,OUTDATE,DELETE_DATE) values ('abcd','지미니','W6ovIKcXE0TYNb2TqY2fwFVWzz8wWM0cYiVejhsduAnYTnuzucl0evvpjUrbL2UZuokISZzoERAu6cstUM+F6Q==',1021215151,'F',to_date('17/12/30','RR/MM/DD'),'맛집,관광',to_date('19/06/10','RR/MM/DD'),to_date('19/06/11','RR/MM/DD'),to_date('19/09/09','RR/MM/DD'));
Insert into HELLOWORLD.MEMBER_DEL (MEMBER_ID,MEMBER_NAME,PASSWORD,PHONE,GENDER,BIRTHDAY,MEMBER_LIKE,JOINDATE,OUTDATE,DELETE_DATE) values ('test','테스트이름','123124',1089712324,'M',to_date('19/06/11','RR/MM/DD'),null,to_date('19/06/11','RR/MM/DD'),to_date('19/06/11','RR/MM/DD'),to_date('19/09/09','RR/MM/DD'));
Insert into HELLOWORLD.MEMBER_DEL (MEMBER_ID,MEMBER_NAME,PASSWORD,PHONE,GENDER,BIRTHDAY,MEMBER_LIKE,JOINDATE,OUTDATE,DELETE_DATE) values ('test222','2222이르ㅁ2','121234',108923423432,'F',to_date('87/05/12','RR/MM/DD'),null,to_date('19/06/11','RR/MM/DD'),to_date('19/06/11','RR/MM/DD'),to_date('19/09/09','RR/MM/DD'));
Insert into HELLOWORLD.MEMBER_DEL (MEMBER_ID,MEMBER_NAME,PASSWORD,PHONE,GENDER,BIRTHDAY,MEMBER_LIKE,JOINDATE,OUTDATE,DELETE_DATE) values ('test333','333이르ㅁ','12112234',1089274442,'F',to_date('00/05/25','RR/MM/DD'),null,to_date('19/06/11','RR/MM/DD'),to_date('19/06/11','RR/MM/DD'),to_date('19/09/09','RR/MM/DD'));
Insert into HELLOWORLD.MEMBER_DEL (MEMBER_ID,MEMBER_NAME,PASSWORD,PHONE,GENDER,BIRTHDAY,MEMBER_LIKE,JOINDATE,OUTDATE,DELETE_DATE) values ('test44333','333이르ㅁ','1212234',1089724442,'M',to_date('95/05/25','RR/MM/DD'),'맛집',to_date('19/06/11','RR/MM/DD'),to_date('19/06/11','RR/MM/DD'),to_date('19/09/09','RR/MM/DD'));
Insert into HELLOWORLD.MEMBER_DEL (MEMBER_ID,MEMBER_NAME,PASSWORD,PHONE,GENDER,BIRTHDAY,MEMBER_LIKE,JOINDATE,OUTDATE,DELETE_DATE) values ('test344433','34이름ㅁ','12112234',1082974442,'M',to_date('91/05/25','RR/MM/DD'),'맛집,관광',to_date('19/06/11','RR/MM/DD'),to_date('19/06/11','RR/MM/DD'),to_date('19/09/09','RR/MM/DD'));
Insert into HELLOWORLD.MEMBER_DEL (MEMBER_ID,MEMBER_NAME,PASSWORD,PHONE,GENDER,BIRTHDAY,MEMBER_LIKE,JOINDATE,OUTDATE,DELETE_DATE) values ('t55553','5이름','11221234',108974121442,'M',to_date('82/05/25','RR/MM/DD'),'휴양',to_date('19/06/11','RR/MM/DD'),to_date('19/06/11','RR/MM/DD'),to_date('19/09/09','RR/MM/DD'));
Insert into HELLOWORLD.MEMBER_DEL (MEMBER_ID,MEMBER_NAME,PASSWORD,PHONE,GENDER,BIRTHDAY,MEMBER_LIKE,JOINDATE,OUTDATE,DELETE_DATE) values ('t66663','6이름','11221234',10891174442,'F',to_date('77/05/25','RR/MM/DD'),'레저',to_date('19/06/11','RR/MM/DD'),to_date('19/06/11','RR/MM/DD'),to_date('19/09/09','RR/MM/DD'));
Insert into HELLOWORLD.MEMBER_DEL (MEMBER_ID,MEMBER_NAME,PASSWORD,PHONE,GENDER,BIRTHDAY,MEMBER_LIKE,JOINDATE,OUTDATE,DELETE_DATE) values ('t7717','7이름','1211234',10811974442,'F',to_date('12/05/25','RR/MM/DD'),'맛집,휴양,레저',to_date('19/06/11','RR/MM/DD'),to_date('19/06/11','RR/MM/DD'),to_date('19/09/09','RR/MM/DD'));
Insert into HELLOWORLD.MEMBER_DEL (MEMBER_ID,MEMBER_NAME,PASSWORD,PHONE,GENDER,BIRTHDAY,MEMBER_LIKE,JOINDATE,OUTDATE,DELETE_DATE) values ('t7772','7이름','1211234',10811974442,'F',to_date('12/05/25','RR/MM/DD'),'맛집,휴양,레저',to_date('19/06/11','RR/MM/DD'),to_date('19/06/11','RR/MM/DD'),to_date('19/09/09','RR/MM/DD'));
Insert into HELLOWORLD.MEMBER_DEL (MEMBER_ID,MEMBER_NAME,PASSWORD,PHONE,GENDER,BIRTHDAY,MEMBER_LIKE,JOINDATE,OUTDATE,DELETE_DATE) values ('t7737','7이름','1211234',10811974442,'F',to_date('80/05/25','RR/MM/DD'),'맛집,휴양,레저',to_date('19/06/11','RR/MM/DD'),to_date('19/06/11','RR/MM/DD'),to_date('19/09/09','RR/MM/DD'));
Insert into HELLOWORLD.MEMBER_DEL (MEMBER_ID,MEMBER_NAME,PASSWORD,PHONE,GENDER,BIRTHDAY,MEMBER_LIKE,JOINDATE,OUTDATE,DELETE_DATE) values ('t7774','7이름','1211234',10811974442,'F',to_date('81/05/25','RR/MM/DD'),'맛집,휴양,레저',to_date('19/06/11','RR/MM/DD'),to_date('19/06/11','RR/MM/DD'),to_date('19/09/09','RR/MM/DD'));
Insert into HELLOWORLD.MEMBER_DEL (MEMBER_ID,MEMBER_NAME,PASSWORD,PHONE,GENDER,BIRTHDAY,MEMBER_LIKE,JOINDATE,OUTDATE,DELETE_DATE) values ('t7775','7이름','1211234',10811974442,'F',to_date('85/05/25','RR/MM/DD'),'맛집,휴양,레저',to_date('19/06/11','RR/MM/DD'),to_date('19/06/11','RR/MM/DD'),to_date('19/09/09','RR/MM/DD'));
Insert into HELLOWORLD.MEMBER_DEL (MEMBER_ID,MEMBER_NAME,PASSWORD,PHONE,GENDER,BIRTHDAY,MEMBER_LIKE,JOINDATE,OUTDATE,DELETE_DATE) values ('t7776','7이름','1211234',10811974442,'F',to_date('90/05/25','RR/MM/DD'),'맛집,휴양,레저',to_date('19/06/11','RR/MM/DD'),to_date('19/06/11','RR/MM/DD'),to_date('19/09/09','RR/MM/DD'));
Insert into HELLOWORLD.MEMBER_DEL (MEMBER_ID,MEMBER_NAME,PASSWORD,PHONE,GENDER,BIRTHDAY,MEMBER_LIKE,JOINDATE,OUTDATE,DELETE_DATE) values ('t7777','7이름','1211234',10811974442,'F',to_date('92/05/25','RR/MM/DD'),'맛집,휴양,레저',to_date('19/06/11','RR/MM/DD'),to_date('19/06/11','RR/MM/DD'),to_date('19/09/09','RR/MM/DD'));
Insert into HELLOWORLD.MEMBER_DEL (MEMBER_ID,MEMBER_NAME,PASSWORD,PHONE,GENDER,BIRTHDAY,MEMBER_LIKE,JOINDATE,OUTDATE,DELETE_DATE) values ('t7778','7이름','1211234',10811974442,'F',to_date('94/05/25','RR/MM/DD'),'맛집,휴양,레저',to_date('19/06/11','RR/MM/DD'),to_date('19/06/11','RR/MM/DD'),to_date('19/09/09','RR/MM/DD'));
Insert into HELLOWORLD.MEMBER_DEL (MEMBER_ID,MEMBER_NAME,PASSWORD,PHONE,GENDER,BIRTHDAY,MEMBER_LIKE,JOINDATE,OUTDATE,DELETE_DATE) values ('t7779','7이름','1211234',10811974442,'F',to_date('96/05/25','RR/MM/DD'),'맛집,휴양,레저',to_date('19/06/11','RR/MM/DD'),to_date('19/06/11','RR/MM/DD'),to_date('19/09/09','RR/MM/DD'));
Insert into HELLOWORLD.MEMBER_DEL (MEMBER_ID,MEMBER_NAME,PASSWORD,PHONE,GENDER,BIRTHDAY,MEMBER_LIKE,JOINDATE,OUTDATE,DELETE_DATE) values ('t7770','7이름','1211234',10811974442,'F',to_date('79/05/25','RR/MM/DD'),'맛집,휴양,레저',to_date('19/06/11','RR/MM/DD'),to_date('19/06/11','RR/MM/DD'),to_date('19/09/09','RR/MM/DD'));
Insert into HELLOWORLD.MEMBER_DEL (MEMBER_ID,MEMBER_NAME,PASSWORD,PHONE,GENDER,BIRTHDAY,MEMBER_LIKE,JOINDATE,OUTDATE,DELETE_DATE) values ('t77711','7이름','1211234',10811974442,'F',to_date('77/05/25','RR/MM/DD'),'맛집,휴양,레저',to_date('19/06/11','RR/MM/DD'),to_date('19/06/11','RR/MM/DD'),to_date('19/09/09','RR/MM/DD'));
REM INSERTING into HELLOWORLD.NATIONAL
SET DEFINE OFF;
Insert into HELLOWORLD.NATIONAL (NATIONAL_CODE,KOR_NATIONAL_NAME,ENG_NATIONAL_NAME,ALPHA2_CODE,ALPHA3_CODE,WEA_NAME,CRC_CODE,C_NAME) values ('620','포르투갈','Portugal','PT','PRT',null,null,null);
Insert into HELLOWORLD.NATIONAL (NATIONAL_CODE,KOR_NATIONAL_NAME,ENG_NATIONAL_NAME,ALPHA2_CODE,ALPHA3_CODE,WEA_NAME,CRC_CODE,C_NAME) values ('624','기니비사우','Guinea-Bissau','GW','GNB',null,null,null);
Insert into HELLOWORLD.NATIONAL (NATIONAL_CODE,KOR_NATIONAL_NAME,ENG_NATIONAL_NAME,ALPHA2_CODE,ALPHA3_CODE,WEA_NAME,CRC_CODE,C_NAME) values ('626','동티모르','Timor-Leste','TL','TLS',null,null,null);
Insert into HELLOWORLD.NATIONAL (NATIONAL_CODE,KOR_NATIONAL_NAME,ENG_NATIONAL_NAME,ALPHA2_CODE,ALPHA3_CODE,WEA_NAME,CRC_CODE,C_NAME) values ('630','푸에르토리코','Puerto Rico','PR','PRI',null,null,null);
Insert into HELLOWORLD.NATIONAL (NATIONAL_CODE,KOR_NATIONAL_NAME,ENG_NATIONAL_NAME,ALPHA2_CODE,ALPHA3_CODE,WEA_NAME,CRC_CODE,C_NAME) values ('634','카타르','Qatar','QA','QAT',null,null,null);
Insert into HELLOWORLD.NATIONAL (NATIONAL_CODE,KOR_NATIONAL_NAME,ENG_NATIONAL_NAME,ALPHA2_CODE,ALPHA3_CODE,WEA_NAME,CRC_CODE,C_NAME) values ('638','레위니옹','Réunion','RE','REU',null,null,null);
Insert into HELLOWORLD.NATIONAL (NATIONAL_CODE,KOR_NATIONAL_NAME,ENG_NATIONAL_NAME,ALPHA2_CODE,ALPHA3_CODE,WEA_NAME,CRC_CODE,C_NAME) values ('642','루마니아','Romania','RO','ROU',null,null,null);
Insert into HELLOWORLD.NATIONAL (NATIONAL_CODE,KOR_NATIONAL_NAME,ENG_NATIONAL_NAME,ALPHA2_CODE,ALPHA3_CODE,WEA_NAME,CRC_CODE,C_NAME) values ('643','러시아','Russian Federation','RU','RUS',null,null,null);
Insert into HELLOWORLD.NATIONAL (NATIONAL_CODE,KOR_NATIONAL_NAME,ENG_NATIONAL_NAME,ALPHA2_CODE,ALPHA3_CODE,WEA_NAME,CRC_CODE,C_NAME) values ('646','르완다','Rwanda','RW','RWA',null,null,null);
Insert into HELLOWORLD.NATIONAL (NATIONAL_CODE,KOR_NATIONAL_NAME,ENG_NATIONAL_NAME,ALPHA2_CODE,ALPHA3_CODE,WEA_NAME,CRC_CODE,C_NAME) values ('654','세인트헬레나','Saint Helena\,Ascension and Tristan da Cunha','SH','SHN',null,null,null);
Insert into HELLOWORLD.NATIONAL (NATIONAL_CODE,KOR_NATIONAL_NAME,ENG_NATIONAL_NAME,ALPHA2_CODE,ALPHA3_CODE,WEA_NAME,CRC_CODE,C_NAME) values ('659','세인트키츠 네비스','Saint Kitts and Nevis','KN','KNA',null,null,null);
Insert into HELLOWORLD.NATIONAL (NATIONAL_CODE,KOR_NATIONAL_NAME,ENG_NATIONAL_NAME,ALPHA2_CODE,ALPHA3_CODE,WEA_NAME,CRC_CODE,C_NAME) values ('660','앵귈라','Anguilla','AI','AIA',null,null,null);
Insert into HELLOWORLD.NATIONAL (NATIONAL_CODE,KOR_NATIONAL_NAME,ENG_NATIONAL_NAME,ALPHA2_CODE,ALPHA3_CODE,WEA_NAME,CRC_CODE,C_NAME) values ('662','세인트루시아','Saint Lucia','LC','LCA',null,null,null);
Insert into HELLOWORLD.NATIONAL (NATIONAL_CODE,KOR_NATIONAL_NAME,ENG_NATIONAL_NAME,ALPHA2_CODE,ALPHA3_CODE,WEA_NAME,CRC_CODE,C_NAME) values ('666','생피에르 미클롱','Saint Pierre and Miquelon','PM','SPM',null,null,null);
Insert into HELLOWORLD.NATIONAL (NATIONAL_CODE,KOR_NATIONAL_NAME,ENG_NATIONAL_NAME,ALPHA2_CODE,ALPHA3_CODE,WEA_NAME,CRC_CODE,C_NAME) values ('670','세인트빈센트 그레나딘','Saint Vincent and the Grenadines','VC','VCT',null,null,null);
Insert into HELLOWORLD.NATIONAL (NATIONAL_CODE,KOR_NATIONAL_NAME,ENG_NATIONAL_NAME,ALPHA2_CODE,ALPHA3_CODE,WEA_NAME,CRC_CODE,C_NAME) values ('674','산마리노','San Marino','SM','SMR',null,null,null);
Insert into HELLOWORLD.NATIONAL (NATIONAL_CODE,KOR_NATIONAL_NAME,ENG_NATIONAL_NAME,ALPHA2_CODE,ALPHA3_CODE,WEA_NAME,CRC_CODE,C_NAME) values ('678','상투메 프린시페','Sao Tome and Principe','ST','STP',null,null,null);
Insert into HELLOWORLD.NATIONAL (NATIONAL_CODE,KOR_NATIONAL_NAME,ENG_NATIONAL_NAME,ALPHA2_CODE,ALPHA3_CODE,WEA_NAME,CRC_CODE,C_NAME) values ('682','사우디아라비아','Saudi Arabia','SA','SAU',null,null,null);
Insert into HELLOWORLD.NATIONAL (NATIONAL_CODE,KOR_NATIONAL_NAME,ENG_NATIONAL_NAME,ALPHA2_CODE,ALPHA3_CODE,WEA_NAME,CRC_CODE,C_NAME) values ('686','세네갈','Senegal','SN','SEN',null,null,null);
Insert into HELLOWORLD.NATIONAL (NATIONAL_CODE,KOR_NATIONAL_NAME,ENG_NATIONAL_NAME,ALPHA2_CODE,ALPHA3_CODE,WEA_NAME,CRC_CODE,C_NAME) values ('688','세르비아','Serbia','RS','SRB',null,null,null);
Insert into HELLOWORLD.NATIONAL (NATIONAL_CODE,KOR_NATIONAL_NAME,ENG_NATIONAL_NAME,ALPHA2_CODE,ALPHA3_CODE,WEA_NAME,CRC_CODE,C_NAME) values ('690','세이셸','Seychelles','SC','SYC',null,null,null);
Insert into HELLOWORLD.NATIONAL (NATIONAL_CODE,KOR_NATIONAL_NAME,ENG_NATIONAL_NAME,ALPHA2_CODE,ALPHA3_CODE,WEA_NAME,CRC_CODE,C_NAME) values ('694','시에라리온','Sierra Leone','SL','SLE',null,null,null);
Insert into HELLOWORLD.NATIONAL (NATIONAL_CODE,KOR_NATIONAL_NAME,ENG_NATIONAL_NAME,ALPHA2_CODE,ALPHA3_CODE,WEA_NAME,CRC_CODE,C_NAME) values ('702','싱가포르','Singapore','SG','SGP',null,null,null);
Insert into HELLOWORLD.NATIONAL (NATIONAL_CODE,KOR_NATIONAL_NAME,ENG_NATIONAL_NAME,ALPHA2_CODE,ALPHA3_CODE,WEA_NAME,CRC_CODE,C_NAME) values ('703','슬로바키아','Slovakia','SK','SVK',null,null,null);
Insert into HELLOWORLD.NATIONAL (NATIONAL_CODE,KOR_NATIONAL_NAME,ENG_NATIONAL_NAME,ALPHA2_CODE,ALPHA3_CODE,WEA_NAME,CRC_CODE,C_NAME) values ('704','베트남','Viet Nam','VN','VNM',null,null,null);
Insert into HELLOWORLD.NATIONAL (NATIONAL_CODE,KOR_NATIONAL_NAME,ENG_NATIONAL_NAME,ALPHA2_CODE,ALPHA3_CODE,WEA_NAME,CRC_CODE,C_NAME) values ('705','슬로베니아','Slovenia','SI','SVN',null,null,null);
Insert into HELLOWORLD.NATIONAL (NATIONAL_CODE,KOR_NATIONAL_NAME,ENG_NATIONAL_NAME,ALPHA2_CODE,ALPHA3_CODE,WEA_NAME,CRC_CODE,C_NAME) values ('706','소말리아','Somalia','SO','SOM',null,null,null);
Insert into HELLOWORLD.NATIONAL (NATIONAL_CODE,KOR_NATIONAL_NAME,ENG_NATIONAL_NAME,ALPHA2_CODE,ALPHA3_CODE,WEA_NAME,CRC_CODE,C_NAME) values ('710','남아프리카 공화국','South Africa','ZA','ZAF',null,null,null);
Insert into HELLOWORLD.NATIONAL (NATIONAL_CODE,KOR_NATIONAL_NAME,ENG_NATIONAL_NAME,ALPHA2_CODE,ALPHA3_CODE,WEA_NAME,CRC_CODE,C_NAME) values ('716','짐바브웨','Zimbabwe','ZW','ZWE',null,null,null);
Insert into HELLOWORLD.NATIONAL (NATIONAL_CODE,KOR_NATIONAL_NAME,ENG_NATIONAL_NAME,ALPHA2_CODE,ALPHA3_CODE,WEA_NAME,CRC_CODE,C_NAME) values ('724','스페인','Spain','ES','ESP',null,null,null);
Insert into HELLOWORLD.NATIONAL (NATIONAL_CODE,KOR_NATIONAL_NAME,ENG_NATIONAL_NAME,ALPHA2_CODE,ALPHA3_CODE,WEA_NAME,CRC_CODE,C_NAME) values ('728','남수단','South Sudan','SS','SSD',null,null,null);
Insert into HELLOWORLD.NATIONAL (NATIONAL_CODE,KOR_NATIONAL_NAME,ENG_NATIONAL_NAME,ALPHA2_CODE,ALPHA3_CODE,WEA_NAME,CRC_CODE,C_NAME) values ('729','수단','Sudan','SD','SDN',null,null,null);
Insert into HELLOWORLD.NATIONAL (NATIONAL_CODE,KOR_NATIONAL_NAME,ENG_NATIONAL_NAME,ALPHA2_CODE,ALPHA3_CODE,WEA_NAME,CRC_CODE,C_NAME) values ('732','서사하라','Western Sahara','EH','ESH',null,null,null);
Insert into HELLOWORLD.NATIONAL (NATIONAL_CODE,KOR_NATIONAL_NAME,ENG_NATIONAL_NAME,ALPHA2_CODE,ALPHA3_CODE,WEA_NAME,CRC_CODE,C_NAME) values ('740','수리남','Suriname','SR','SUR',null,null,null);
Insert into HELLOWORLD.NATIONAL (NATIONAL_CODE,KOR_NATIONAL_NAME,ENG_NATIONAL_NAME,ALPHA2_CODE,ALPHA3_CODE,WEA_NAME,CRC_CODE,C_NAME) values ('744','스발바르 얀마옌','Svalbard and Jan Mayen','SJ','SJM',null,null,null);
Insert into HELLOWORLD.NATIONAL (NATIONAL_CODE,KOR_NATIONAL_NAME,ENG_NATIONAL_NAME,ALPHA2_CODE,ALPHA3_CODE,WEA_NAME,CRC_CODE,C_NAME) values ('748','에스와티니','Eswatini','SZ','SWZ',null,null,null);
Insert into HELLOWORLD.NATIONAL (NATIONAL_CODE,KOR_NATIONAL_NAME,ENG_NATIONAL_NAME,ALPHA2_CODE,ALPHA3_CODE,WEA_NAME,CRC_CODE,C_NAME) values ('752','스웨덴','Sweden','SE','SWE',null,null,null);
Insert into HELLOWORLD.NATIONAL (NATIONAL_CODE,KOR_NATIONAL_NAME,ENG_NATIONAL_NAME,ALPHA2_CODE,ALPHA3_CODE,WEA_NAME,CRC_CODE,C_NAME) values ('756','스위스','Switzerland','CH','CHE',null,null,null);
Insert into HELLOWORLD.NATIONAL (NATIONAL_CODE,KOR_NATIONAL_NAME,ENG_NATIONAL_NAME,ALPHA2_CODE,ALPHA3_CODE,WEA_NAME,CRC_CODE,C_NAME) values ('760','시리아','Syrian Arab Republic','SY','SYR',null,null,null);
Insert into HELLOWORLD.NATIONAL (NATIONAL_CODE,KOR_NATIONAL_NAME,ENG_NATIONAL_NAME,ALPHA2_CODE,ALPHA3_CODE,WEA_NAME,CRC_CODE,C_NAME) values ('762','타지키스탄','Tajikistan','TJ','TJK',null,null,null);
Insert into HELLOWORLD.NATIONAL (NATIONAL_CODE,KOR_NATIONAL_NAME,ENG_NATIONAL_NAME,ALPHA2_CODE,ALPHA3_CODE,WEA_NAME,CRC_CODE,C_NAME) values ('764','태국','Thailand','TH','THA','Bangkok,TH',null,null);
Insert into HELLOWORLD.NATIONAL (NATIONAL_CODE,KOR_NATIONAL_NAME,ENG_NATIONAL_NAME,ALPHA2_CODE,ALPHA3_CODE,WEA_NAME,CRC_CODE,C_NAME) values ('768','토고','Togo','TG','TGO',null,null,null);
Insert into HELLOWORLD.NATIONAL (NATIONAL_CODE,KOR_NATIONAL_NAME,ENG_NATIONAL_NAME,ALPHA2_CODE,ALPHA3_CODE,WEA_NAME,CRC_CODE,C_NAME) values ('772','토켈라우','Tokelau','TK','TKL',null,null,null);
Insert into HELLOWORLD.NATIONAL (NATIONAL_CODE,KOR_NATIONAL_NAME,ENG_NATIONAL_NAME,ALPHA2_CODE,ALPHA3_CODE,WEA_NAME,CRC_CODE,C_NAME) values ('776','통가','Tonga','TO','TON',null,null,null);
Insert into HELLOWORLD.NATIONAL (NATIONAL_CODE,KOR_NATIONAL_NAME,ENG_NATIONAL_NAME,ALPHA2_CODE,ALPHA3_CODE,WEA_NAME,CRC_CODE,C_NAME) values ('780','트리니다드 토바고','Trinidad and Tobago','TT','TTO',null,null,null);
Insert into HELLOWORLD.NATIONAL (NATIONAL_CODE,KOR_NATIONAL_NAME,ENG_NATIONAL_NAME,ALPHA2_CODE,ALPHA3_CODE,WEA_NAME,CRC_CODE,C_NAME) values ('784','아랍에미리트','United Arab Emirates','AE','ARE',null,null,null);
Insert into HELLOWORLD.NATIONAL (NATIONAL_CODE,KOR_NATIONAL_NAME,ENG_NATIONAL_NAME,ALPHA2_CODE,ALPHA3_CODE,WEA_NAME,CRC_CODE,C_NAME) values ('788','튀니지','Tunisia','TN','TUN',null,null,null);
Insert into HELLOWORLD.NATIONAL (NATIONAL_CODE,KOR_NATIONAL_NAME,ENG_NATIONAL_NAME,ALPHA2_CODE,ALPHA3_CODE,WEA_NAME,CRC_CODE,C_NAME) values ('792','터키','Turkey','TR','TUR',null,null,null);
Insert into HELLOWORLD.NATIONAL (NATIONAL_CODE,KOR_NATIONAL_NAME,ENG_NATIONAL_NAME,ALPHA2_CODE,ALPHA3_CODE,WEA_NAME,CRC_CODE,C_NAME) values ('795','투르크메니스탄','Turkmenistan','TM','TKM',null,null,null);
Insert into HELLOWORLD.NATIONAL (NATIONAL_CODE,KOR_NATIONAL_NAME,ENG_NATIONAL_NAME,ALPHA2_CODE,ALPHA3_CODE,WEA_NAME,CRC_CODE,C_NAME) values ('796','터크스 케이커스 제도','Turks and Caicos Islands','TC','TCA',null,null,null);
Insert into HELLOWORLD.NATIONAL (NATIONAL_CODE,KOR_NATIONAL_NAME,ENG_NATIONAL_NAME,ALPHA2_CODE,ALPHA3_CODE,WEA_NAME,CRC_CODE,C_NAME) values ('798','투발루','Tuvalu','TV','TUV',null,null,null);
Insert into HELLOWORLD.NATIONAL (NATIONAL_CODE,KOR_NATIONAL_NAME,ENG_NATIONAL_NAME,ALPHA2_CODE,ALPHA3_CODE,WEA_NAME,CRC_CODE,C_NAME) values ('800','우간다','Uganda','UG','UGA',null,null,null);
Insert into HELLOWORLD.NATIONAL (NATIONAL_CODE,KOR_NATIONAL_NAME,ENG_NATIONAL_NAME,ALPHA2_CODE,ALPHA3_CODE,WEA_NAME,CRC_CODE,C_NAME) values ('804','우크라이나','Ukraine','UA','UKR',null,null,null);
Insert into HELLOWORLD.NATIONAL (NATIONAL_CODE,KOR_NATIONAL_NAME,ENG_NATIONAL_NAME,ALPHA2_CODE,ALPHA3_CODE,WEA_NAME,CRC_CODE,C_NAME) values ('807','북마케도니아','North Macedonia','MK','MKD',null,null,null);
Insert into HELLOWORLD.NATIONAL (NATIONAL_CODE,KOR_NATIONAL_NAME,ENG_NATIONAL_NAME,ALPHA2_CODE,ALPHA3_CODE,WEA_NAME,CRC_CODE,C_NAME) values ('818','이집트','Egypt','EG','EGY',null,null,null);
Insert into HELLOWORLD.NATIONAL (NATIONAL_CODE,KOR_NATIONAL_NAME,ENG_NATIONAL_NAME,ALPHA2_CODE,ALPHA3_CODE,WEA_NAME,CRC_CODE,C_NAME) values ('826','영국','United Kingdom of Great Britain and Northern Ireland','GB','GBR',null,null,null);
Insert into HELLOWORLD.NATIONAL (NATIONAL_CODE,KOR_NATIONAL_NAME,ENG_NATIONAL_NAME,ALPHA2_CODE,ALPHA3_CODE,WEA_NAME,CRC_CODE,C_NAME) values ('831','건지섬','Guernsey','GG','GGY',null,null,null);
Insert into HELLOWORLD.NATIONAL (NATIONAL_CODE,KOR_NATIONAL_NAME,ENG_NATIONAL_NAME,ALPHA2_CODE,ALPHA3_CODE,WEA_NAME,CRC_CODE,C_NAME) values ('832','저지섬','Jersey','JE','JEY',null,null,null);
Insert into HELLOWORLD.NATIONAL (NATIONAL_CODE,KOR_NATIONAL_NAME,ENG_NATIONAL_NAME,ALPHA2_CODE,ALPHA3_CODE,WEA_NAME,CRC_CODE,C_NAME) values ('833','맨섬','Isle of Man','IM','IMN',null,null,null);
Insert into HELLOWORLD.NATIONAL (NATIONAL_CODE,KOR_NATIONAL_NAME,ENG_NATIONAL_NAME,ALPHA2_CODE,ALPHA3_CODE,WEA_NAME,CRC_CODE,C_NAME) values ('834','탄자니아','Tanzania','TZ','TZA',null,null,null);
Insert into HELLOWORLD.NATIONAL (NATIONAL_CODE,KOR_NATIONAL_NAME,ENG_NATIONAL_NAME,ALPHA2_CODE,ALPHA3_CODE,WEA_NAME,CRC_CODE,C_NAME) values ('840','미국','United States of America','US','USA','Los Angeles,US','USD','1달라(USD)');
Insert into HELLOWORLD.NATIONAL (NATIONAL_CODE,KOR_NATIONAL_NAME,ENG_NATIONAL_NAME,ALPHA2_CODE,ALPHA3_CODE,WEA_NAME,CRC_CODE,C_NAME) values ('850','미국령 버진아일랜드','Virgin Islands \(U.S.\)','VI','VIR',null,null,null);
Insert into HELLOWORLD.NATIONAL (NATIONAL_CODE,KOR_NATIONAL_NAME,ENG_NATIONAL_NAME,ALPHA2_CODE,ALPHA3_CODE,WEA_NAME,CRC_CODE,C_NAME) values ('854','부르키나파소','Burkina Faso','BF','BFA',null,null,null);
Insert into HELLOWORLD.NATIONAL (NATIONAL_CODE,KOR_NATIONAL_NAME,ENG_NATIONAL_NAME,ALPHA2_CODE,ALPHA3_CODE,WEA_NAME,CRC_CODE,C_NAME) values ('858','우루과이','Uruguay','UY','URY',null,null,null);
Insert into HELLOWORLD.NATIONAL (NATIONAL_CODE,KOR_NATIONAL_NAME,ENG_NATIONAL_NAME,ALPHA2_CODE,ALPHA3_CODE,WEA_NAME,CRC_CODE,C_NAME) values ('860','우즈베키스탄','Uzbekistan','UZ','UZB',null,null,null);
Insert into HELLOWORLD.NATIONAL (NATIONAL_CODE,KOR_NATIONAL_NAME,ENG_NATIONAL_NAME,ALPHA2_CODE,ALPHA3_CODE,WEA_NAME,CRC_CODE,C_NAME) values ('862','베네수엘라','Venezuela','VE','VEN',null,null,null);
Insert into HELLOWORLD.NATIONAL (NATIONAL_CODE,KOR_NATIONAL_NAME,ENG_NATIONAL_NAME,ALPHA2_CODE,ALPHA3_CODE,WEA_NAME,CRC_CODE,C_NAME) values ('876','왈리스 퓌튀나','Wallis and Futuna','WF','WLF',null,null,null);
Insert into HELLOWORLD.NATIONAL (NATIONAL_CODE,KOR_NATIONAL_NAME,ENG_NATIONAL_NAME,ALPHA2_CODE,ALPHA3_CODE,WEA_NAME,CRC_CODE,C_NAME) values ('882','사모아','Samoa','WS','WSM',null,null,null);
Insert into HELLOWORLD.NATIONAL (NATIONAL_CODE,KOR_NATIONAL_NAME,ENG_NATIONAL_NAME,ALPHA2_CODE,ALPHA3_CODE,WEA_NAME,CRC_CODE,C_NAME) values ('887','예멘','Yemen','YE','YEM',null,null,null);
Insert into HELLOWORLD.NATIONAL (NATIONAL_CODE,KOR_NATIONAL_NAME,ENG_NATIONAL_NAME,ALPHA2_CODE,ALPHA3_CODE,WEA_NAME,CRC_CODE,C_NAME) values ('894','잠비아','Zambia','ZM','ZMB',null,null,null);
Insert into HELLOWORLD.NATIONAL (NATIONAL_CODE,KOR_NATIONAL_NAME,ENG_NATIONAL_NAME,ALPHA2_CODE,ALPHA3_CODE,WEA_NAME,CRC_CODE,C_NAME) values ('3','유럽','europe','null','null','London,GB','EUR','1유로(EUR)');
Insert into HELLOWORLD.NATIONAL (NATIONAL_CODE,KOR_NATIONAL_NAME,ENG_NATIONAL_NAME,ALPHA2_CODE,ALPHA3_CODE,WEA_NAME,CRC_CODE,C_NAME) values ('88','호주/뉴질랜드','austrailia','null','null','Sydney,AU','AUD','1달라(AUD)');
Insert into HELLOWORLD.NATIONAL (NATIONAL_CODE,KOR_NATIONAL_NAME,ENG_NATIONAL_NAME,ALPHA2_CODE,ALPHA3_CODE,WEA_NAME,CRC_CODE,C_NAME) values ('55','동남아','s.e.asia','null','null','Bangkok,TH','THB','1바트(THB)');
Insert into HELLOWORLD.NATIONAL (NATIONAL_CODE,KOR_NATIONAL_NAME,ENG_NATIONAL_NAME,ALPHA2_CODE,ALPHA3_CODE,WEA_NAME,CRC_CODE,C_NAME) values ('4','아프가니스탄','Afghanistan','AF','AFG',null,null,null);
Insert into HELLOWORLD.NATIONAL (NATIONAL_CODE,KOR_NATIONAL_NAME,ENG_NATIONAL_NAME,ALPHA2_CODE,ALPHA3_CODE,WEA_NAME,CRC_CODE,C_NAME) values ('8','알바니아','Albania','AL','ALB',null,null,null);
Insert into HELLOWORLD.NATIONAL (NATIONAL_CODE,KOR_NATIONAL_NAME,ENG_NATIONAL_NAME,ALPHA2_CODE,ALPHA3_CODE,WEA_NAME,CRC_CODE,C_NAME) values ('10','남극','Antarctica','AQ','ATA',null,null,null);
Insert into HELLOWORLD.NATIONAL (NATIONAL_CODE,KOR_NATIONAL_NAME,ENG_NATIONAL_NAME,ALPHA2_CODE,ALPHA3_CODE,WEA_NAME,CRC_CODE,C_NAME) values ('12','알제리','Algeria','DZ','DZA',null,null,null);
Insert into HELLOWORLD.NATIONAL (NATIONAL_CODE,KOR_NATIONAL_NAME,ENG_NATIONAL_NAME,ALPHA2_CODE,ALPHA3_CODE,WEA_NAME,CRC_CODE,C_NAME) values ('16','아메리칸사모아','American Samoa','AS','ASM',null,null,null);
Insert into HELLOWORLD.NATIONAL (NATIONAL_CODE,KOR_NATIONAL_NAME,ENG_NATIONAL_NAME,ALPHA2_CODE,ALPHA3_CODE,WEA_NAME,CRC_CODE,C_NAME) values ('20','안도라','Andorra','AD','AND',null,null,null);
Insert into HELLOWORLD.NATIONAL (NATIONAL_CODE,KOR_NATIONAL_NAME,ENG_NATIONAL_NAME,ALPHA2_CODE,ALPHA3_CODE,WEA_NAME,CRC_CODE,C_NAME) values ('24','앙골라','Angola','AO','AGO',null,null,null);
Insert into HELLOWORLD.NATIONAL (NATIONAL_CODE,KOR_NATIONAL_NAME,ENG_NATIONAL_NAME,ALPHA2_CODE,ALPHA3_CODE,WEA_NAME,CRC_CODE,C_NAME) values ('28','앤티가 바부다','Antigua and Barbuda','AG','ATG',null,null,null);
Insert into HELLOWORLD.NATIONAL (NATIONAL_CODE,KOR_NATIONAL_NAME,ENG_NATIONAL_NAME,ALPHA2_CODE,ALPHA3_CODE,WEA_NAME,CRC_CODE,C_NAME) values ('31','아제르바이잔','Azerbaijan','AZ','AZE',null,null,null);
Insert into HELLOWORLD.NATIONAL (NATIONAL_CODE,KOR_NATIONAL_NAME,ENG_NATIONAL_NAME,ALPHA2_CODE,ALPHA3_CODE,WEA_NAME,CRC_CODE,C_NAME) values ('32','아르헨티나','Argentina','AR','ARG',null,null,null);
Insert into HELLOWORLD.NATIONAL (NATIONAL_CODE,KOR_NATIONAL_NAME,ENG_NATIONAL_NAME,ALPHA2_CODE,ALPHA3_CODE,WEA_NAME,CRC_CODE,C_NAME) values ('36','오스트레일리아','Australia','AU','AUS',null,null,null);
Insert into HELLOWORLD.NATIONAL (NATIONAL_CODE,KOR_NATIONAL_NAME,ENG_NATIONAL_NAME,ALPHA2_CODE,ALPHA3_CODE,WEA_NAME,CRC_CODE,C_NAME) values ('40','오스트리아','Austria','AT','AUT',null,null,null);
Insert into HELLOWORLD.NATIONAL (NATIONAL_CODE,KOR_NATIONAL_NAME,ENG_NATIONAL_NAME,ALPHA2_CODE,ALPHA3_CODE,WEA_NAME,CRC_CODE,C_NAME) values ('44','바하마','Bahamas','BS','BHS',null,null,null);
Insert into HELLOWORLD.NATIONAL (NATIONAL_CODE,KOR_NATIONAL_NAME,ENG_NATIONAL_NAME,ALPHA2_CODE,ALPHA3_CODE,WEA_NAME,CRC_CODE,C_NAME) values ('48','바레인','Bahrain','BH','BHR',null,null,null);
Insert into HELLOWORLD.NATIONAL (NATIONAL_CODE,KOR_NATIONAL_NAME,ENG_NATIONAL_NAME,ALPHA2_CODE,ALPHA3_CODE,WEA_NAME,CRC_CODE,C_NAME) values ('50','방글라데시','Bangladesh','BD','BGD',null,null,null);
Insert into HELLOWORLD.NATIONAL (NATIONAL_CODE,KOR_NATIONAL_NAME,ENG_NATIONAL_NAME,ALPHA2_CODE,ALPHA3_CODE,WEA_NAME,CRC_CODE,C_NAME) values ('51','아르메니아','Armenia','AM','ARM',null,null,null);
Insert into HELLOWORLD.NATIONAL (NATIONAL_CODE,KOR_NATIONAL_NAME,ENG_NATIONAL_NAME,ALPHA2_CODE,ALPHA3_CODE,WEA_NAME,CRC_CODE,C_NAME) values ('52','바베이도스','Barbados','BB','BRB',null,null,null);
Insert into HELLOWORLD.NATIONAL (NATIONAL_CODE,KOR_NATIONAL_NAME,ENG_NATIONAL_NAME,ALPHA2_CODE,ALPHA3_CODE,WEA_NAME,CRC_CODE,C_NAME) values ('56','벨기에','Belgium','BE','BEL',null,null,null);
Insert into HELLOWORLD.NATIONAL (NATIONAL_CODE,KOR_NATIONAL_NAME,ENG_NATIONAL_NAME,ALPHA2_CODE,ALPHA3_CODE,WEA_NAME,CRC_CODE,C_NAME) values ('60','버뮤다','Bermuda','BM','BMU',null,null,null);
Insert into HELLOWORLD.NATIONAL (NATIONAL_CODE,KOR_NATIONAL_NAME,ENG_NATIONAL_NAME,ALPHA2_CODE,ALPHA3_CODE,WEA_NAME,CRC_CODE,C_NAME) values ('64','부탄','Bhutan','BT','BTN',null,null,null);
Insert into HELLOWORLD.NATIONAL (NATIONAL_CODE,KOR_NATIONAL_NAME,ENG_NATIONAL_NAME,ALPHA2_CODE,ALPHA3_CODE,WEA_NAME,CRC_CODE,C_NAME) values ('68','볼리비아','Bolivia \(Plurinational State of\)','BO','BOL',null,null,null);
Insert into HELLOWORLD.NATIONAL (NATIONAL_CODE,KOR_NATIONAL_NAME,ENG_NATIONAL_NAME,ALPHA2_CODE,ALPHA3_CODE,WEA_NAME,CRC_CODE,C_NAME) values ('70','보스니아 헤르체고비나','Bosnia and Herzegovina','BA','BIH',null,null,null);
Insert into HELLOWORLD.NATIONAL (NATIONAL_CODE,KOR_NATIONAL_NAME,ENG_NATIONAL_NAME,ALPHA2_CODE,ALPHA3_CODE,WEA_NAME,CRC_CODE,C_NAME) values ('72','보츠와나','Botswana','BW','BWA',null,null,null);
Insert into HELLOWORLD.NATIONAL (NATIONAL_CODE,KOR_NATIONAL_NAME,ENG_NATIONAL_NAME,ALPHA2_CODE,ALPHA3_CODE,WEA_NAME,CRC_CODE,C_NAME) values ('74','부베 섬','Bouvet Island','BV','BVT',null,null,null);
Insert into HELLOWORLD.NATIONAL (NATIONAL_CODE,KOR_NATIONAL_NAME,ENG_NATIONAL_NAME,ALPHA2_CODE,ALPHA3_CODE,WEA_NAME,CRC_CODE,C_NAME) values ('76','브라질','Brazil','BR','BRA',null,null,null);
Insert into HELLOWORLD.NATIONAL (NATIONAL_CODE,KOR_NATIONAL_NAME,ENG_NATIONAL_NAME,ALPHA2_CODE,ALPHA3_CODE,WEA_NAME,CRC_CODE,C_NAME) values ('84','벨리즈','Belize','BZ','BLZ',null,null,null);
Insert into HELLOWORLD.NATIONAL (NATIONAL_CODE,KOR_NATIONAL_NAME,ENG_NATIONAL_NAME,ALPHA2_CODE,ALPHA3_CODE,WEA_NAME,CRC_CODE,C_NAME) values ('86','영국령 인도양 지역','British Indian Ocean Territory','IO','IOT',null,null,null);
Insert into HELLOWORLD.NATIONAL (NATIONAL_CODE,KOR_NATIONAL_NAME,ENG_NATIONAL_NAME,ALPHA2_CODE,ALPHA3_CODE,WEA_NAME,CRC_CODE,C_NAME) values ('90','솔로몬 제도','Solomon Islands','SB','SLB',null,null,null);
Insert into HELLOWORLD.NATIONAL (NATIONAL_CODE,KOR_NATIONAL_NAME,ENG_NATIONAL_NAME,ALPHA2_CODE,ALPHA3_CODE,WEA_NAME,CRC_CODE,C_NAME) values ('92','영국령 버진아일랜드','Virgin Islands \(British\)','VG','VGB',null,null,null);
Insert into HELLOWORLD.NATIONAL (NATIONAL_CODE,KOR_NATIONAL_NAME,ENG_NATIONAL_NAME,ALPHA2_CODE,ALPHA3_CODE,WEA_NAME,CRC_CODE,C_NAME) values ('96','브루나이','Brunei Darussalam','BN','BRN',null,null,null);
Insert into HELLOWORLD.NATIONAL (NATIONAL_CODE,KOR_NATIONAL_NAME,ENG_NATIONAL_NAME,ALPHA2_CODE,ALPHA3_CODE,WEA_NAME,CRC_CODE,C_NAME) values ('100','불가리아','Bulgaria','BG','BGR',null,null,null);
Insert into HELLOWORLD.NATIONAL (NATIONAL_CODE,KOR_NATIONAL_NAME,ENG_NATIONAL_NAME,ALPHA2_CODE,ALPHA3_CODE,WEA_NAME,CRC_CODE,C_NAME) values ('104','미얀마','Myanmar','MM','MMR',null,null,null);
Insert into HELLOWORLD.NATIONAL (NATIONAL_CODE,KOR_NATIONAL_NAME,ENG_NATIONAL_NAME,ALPHA2_CODE,ALPHA3_CODE,WEA_NAME,CRC_CODE,C_NAME) values ('108','부룬디','Burundi','BI','BDI',null,null,null);
Insert into HELLOWORLD.NATIONAL (NATIONAL_CODE,KOR_NATIONAL_NAME,ENG_NATIONAL_NAME,ALPHA2_CODE,ALPHA3_CODE,WEA_NAME,CRC_CODE,C_NAME) values ('112','벨라루스','Belarus','BY','BLR',null,null,null);
Insert into HELLOWORLD.NATIONAL (NATIONAL_CODE,KOR_NATIONAL_NAME,ENG_NATIONAL_NAME,ALPHA2_CODE,ALPHA3_CODE,WEA_NAME,CRC_CODE,C_NAME) values ('116','캄보디아','Cambodia','KH','KHM',null,null,null);
Insert into HELLOWORLD.NATIONAL (NATIONAL_CODE,KOR_NATIONAL_NAME,ENG_NATIONAL_NAME,ALPHA2_CODE,ALPHA3_CODE,WEA_NAME,CRC_CODE,C_NAME) values ('120','카메룬','Cameroon','CM','CMR',null,null,null);
Insert into HELLOWORLD.NATIONAL (NATIONAL_CODE,KOR_NATIONAL_NAME,ENG_NATIONAL_NAME,ALPHA2_CODE,ALPHA3_CODE,WEA_NAME,CRC_CODE,C_NAME) values ('124','캐나다','Canada','CA','CAN',null,null,null);
Insert into HELLOWORLD.NATIONAL (NATIONAL_CODE,KOR_NATIONAL_NAME,ENG_NATIONAL_NAME,ALPHA2_CODE,ALPHA3_CODE,WEA_NAME,CRC_CODE,C_NAME) values ('132','카보베르데','Cabo Verde','CV','CPV',null,null,null);
Insert into HELLOWORLD.NATIONAL (NATIONAL_CODE,KOR_NATIONAL_NAME,ENG_NATIONAL_NAME,ALPHA2_CODE,ALPHA3_CODE,WEA_NAME,CRC_CODE,C_NAME) values ('136','케이맨 제도','Cayman Islands','KY','CYM',null,null,null);
Insert into HELLOWORLD.NATIONAL (NATIONAL_CODE,KOR_NATIONAL_NAME,ENG_NATIONAL_NAME,ALPHA2_CODE,ALPHA3_CODE,WEA_NAME,CRC_CODE,C_NAME) values ('140','중앙아프리카 공화국','Central African Republic','CF','CAF',null,null,null);
Insert into HELLOWORLD.NATIONAL (NATIONAL_CODE,KOR_NATIONAL_NAME,ENG_NATIONAL_NAME,ALPHA2_CODE,ALPHA3_CODE,WEA_NAME,CRC_CODE,C_NAME) values ('144','스리랑카','Sri Lanka','LK','LKA',null,null,null);
Insert into HELLOWORLD.NATIONAL (NATIONAL_CODE,KOR_NATIONAL_NAME,ENG_NATIONAL_NAME,ALPHA2_CODE,ALPHA3_CODE,WEA_NAME,CRC_CODE,C_NAME) values ('148','차드','Chad','TD','TCD',null,null,null);
Insert into HELLOWORLD.NATIONAL (NATIONAL_CODE,KOR_NATIONAL_NAME,ENG_NATIONAL_NAME,ALPHA2_CODE,ALPHA3_CODE,WEA_NAME,CRC_CODE,C_NAME) values ('152','칠레','Chile','CL','CHL',null,null,null);
Insert into HELLOWORLD.NATIONAL (NATIONAL_CODE,KOR_NATIONAL_NAME,ENG_NATIONAL_NAME,ALPHA2_CODE,ALPHA3_CODE,WEA_NAME,CRC_CODE,C_NAME) values ('156','중국','China','CN','CHN','Beijing,CN','CNY','1위안(CNY)');
Insert into HELLOWORLD.NATIONAL (NATIONAL_CODE,KOR_NATIONAL_NAME,ENG_NATIONAL_NAME,ALPHA2_CODE,ALPHA3_CODE,WEA_NAME,CRC_CODE,C_NAME) values ('158','타이완','Taiwan\,Province of China[a]','TW','TWN',null,null,null);
Insert into HELLOWORLD.NATIONAL (NATIONAL_CODE,KOR_NATIONAL_NAME,ENG_NATIONAL_NAME,ALPHA2_CODE,ALPHA3_CODE,WEA_NAME,CRC_CODE,C_NAME) values ('162','크리스마스 섬','Christmas Island','CX','CXR',null,null,null);
Insert into HELLOWORLD.NATIONAL (NATIONAL_CODE,KOR_NATIONAL_NAME,ENG_NATIONAL_NAME,ALPHA2_CODE,ALPHA3_CODE,WEA_NAME,CRC_CODE,C_NAME) values ('166','코코스 제도','Cocos \(Keeling\) Islands','CC','CCK',null,null,null);
Insert into HELLOWORLD.NATIONAL (NATIONAL_CODE,KOR_NATIONAL_NAME,ENG_NATIONAL_NAME,ALPHA2_CODE,ALPHA3_CODE,WEA_NAME,CRC_CODE,C_NAME) values ('170','콜롬비아','Colombia','CO','COL',null,null,null);
Insert into HELLOWORLD.NATIONAL (NATIONAL_CODE,KOR_NATIONAL_NAME,ENG_NATIONAL_NAME,ALPHA2_CODE,ALPHA3_CODE,WEA_NAME,CRC_CODE,C_NAME) values ('174','코모로','Comoros','KM','COM',null,null,null);
Insert into HELLOWORLD.NATIONAL (NATIONAL_CODE,KOR_NATIONAL_NAME,ENG_NATIONAL_NAME,ALPHA2_CODE,ALPHA3_CODE,WEA_NAME,CRC_CODE,C_NAME) values ('175','마요트','Mayotte','YT','MYT',null,null,null);
Insert into HELLOWORLD.NATIONAL (NATIONAL_CODE,KOR_NATIONAL_NAME,ENG_NATIONAL_NAME,ALPHA2_CODE,ALPHA3_CODE,WEA_NAME,CRC_CODE,C_NAME) values ('178','콩고 공화국','Congo','CG','COG',null,null,null);
Insert into HELLOWORLD.NATIONAL (NATIONAL_CODE,KOR_NATIONAL_NAME,ENG_NATIONAL_NAME,ALPHA2_CODE,ALPHA3_CODE,WEA_NAME,CRC_CODE,C_NAME) values ('180','콩고 민주 공화국','Congo\,Democratic Republic of the','CD','COD',null,null,null);
Insert into HELLOWORLD.NATIONAL (NATIONAL_CODE,KOR_NATIONAL_NAME,ENG_NATIONAL_NAME,ALPHA2_CODE,ALPHA3_CODE,WEA_NAME,CRC_CODE,C_NAME) values ('184','쿡 제도','Cook Islands','CK','COK',null,null,null);
Insert into HELLOWORLD.NATIONAL (NATIONAL_CODE,KOR_NATIONAL_NAME,ENG_NATIONAL_NAME,ALPHA2_CODE,ALPHA3_CODE,WEA_NAME,CRC_CODE,C_NAME) values ('188','코스타리카','Costa Rica','CR','CRI',null,null,null);
Insert into HELLOWORLD.NATIONAL (NATIONAL_CODE,KOR_NATIONAL_NAME,ENG_NATIONAL_NAME,ALPHA2_CODE,ALPHA3_CODE,WEA_NAME,CRC_CODE,C_NAME) values ('191','크로아티아','Croatia','HR','HRV',null,null,null);
Insert into HELLOWORLD.NATIONAL (NATIONAL_CODE,KOR_NATIONAL_NAME,ENG_NATIONAL_NAME,ALPHA2_CODE,ALPHA3_CODE,WEA_NAME,CRC_CODE,C_NAME) values ('192','쿠바','Cuba','CU','CUB',null,null,null);
Insert into HELLOWORLD.NATIONAL (NATIONAL_CODE,KOR_NATIONAL_NAME,ENG_NATIONAL_NAME,ALPHA2_CODE,ALPHA3_CODE,WEA_NAME,CRC_CODE,C_NAME) values ('196','키프로스','Cyprus','CY','CYP',null,null,null);
Insert into HELLOWORLD.NATIONAL (NATIONAL_CODE,KOR_NATIONAL_NAME,ENG_NATIONAL_NAME,ALPHA2_CODE,ALPHA3_CODE,WEA_NAME,CRC_CODE,C_NAME) values ('203','체코','Czechia','CZ','CZE',null,null,null);
Insert into HELLOWORLD.NATIONAL (NATIONAL_CODE,KOR_NATIONAL_NAME,ENG_NATIONAL_NAME,ALPHA2_CODE,ALPHA3_CODE,WEA_NAME,CRC_CODE,C_NAME) values ('204','베냉','Benin','BJ','BEN',null,null,null);
Insert into HELLOWORLD.NATIONAL (NATIONAL_CODE,KOR_NATIONAL_NAME,ENG_NATIONAL_NAME,ALPHA2_CODE,ALPHA3_CODE,WEA_NAME,CRC_CODE,C_NAME) values ('208','덴마크','Denmark','DK','DNK',null,null,null);
Insert into HELLOWORLD.NATIONAL (NATIONAL_CODE,KOR_NATIONAL_NAME,ENG_NATIONAL_NAME,ALPHA2_CODE,ALPHA3_CODE,WEA_NAME,CRC_CODE,C_NAME) values ('212','도미니카 연방','Dominica','DM','DMA',null,null,null);
Insert into HELLOWORLD.NATIONAL (NATIONAL_CODE,KOR_NATIONAL_NAME,ENG_NATIONAL_NAME,ALPHA2_CODE,ALPHA3_CODE,WEA_NAME,CRC_CODE,C_NAME) values ('214','도미니카 공화국','Dominican Republic','DO','DOM',null,null,null);
Insert into HELLOWORLD.NATIONAL (NATIONAL_CODE,KOR_NATIONAL_NAME,ENG_NATIONAL_NAME,ALPHA2_CODE,ALPHA3_CODE,WEA_NAME,CRC_CODE,C_NAME) values ('218','에콰도르','Ecuador','EC','ECU',null,null,null);
Insert into HELLOWORLD.NATIONAL (NATIONAL_CODE,KOR_NATIONAL_NAME,ENG_NATIONAL_NAME,ALPHA2_CODE,ALPHA3_CODE,WEA_NAME,CRC_CODE,C_NAME) values ('222','엘살바도르','El Salvador','SV','SLV',null,null,null);
Insert into HELLOWORLD.NATIONAL (NATIONAL_CODE,KOR_NATIONAL_NAME,ENG_NATIONAL_NAME,ALPHA2_CODE,ALPHA3_CODE,WEA_NAME,CRC_CODE,C_NAME) values ('226','적도 기니','Equatorial Guinea','GQ','GNQ',null,null,null);
Insert into HELLOWORLD.NATIONAL (NATIONAL_CODE,KOR_NATIONAL_NAME,ENG_NATIONAL_NAME,ALPHA2_CODE,ALPHA3_CODE,WEA_NAME,CRC_CODE,C_NAME) values ('231','에티오피아','Ethiopia','ET','ETH',null,null,null);
Insert into HELLOWORLD.NATIONAL (NATIONAL_CODE,KOR_NATIONAL_NAME,ENG_NATIONAL_NAME,ALPHA2_CODE,ALPHA3_CODE,WEA_NAME,CRC_CODE,C_NAME) values ('232','에리트레아','Eritrea','ER','ERI',null,null,null);
Insert into HELLOWORLD.NATIONAL (NATIONAL_CODE,KOR_NATIONAL_NAME,ENG_NATIONAL_NAME,ALPHA2_CODE,ALPHA3_CODE,WEA_NAME,CRC_CODE,C_NAME) values ('233','에스토니아','Estonia','EE','EST',null,null,null);
Insert into HELLOWORLD.NATIONAL (NATIONAL_CODE,KOR_NATIONAL_NAME,ENG_NATIONAL_NAME,ALPHA2_CODE,ALPHA3_CODE,WEA_NAME,CRC_CODE,C_NAME) values ('234','페로 제도','Faroe Islands','FO','FRO',null,null,null);
Insert into HELLOWORLD.NATIONAL (NATIONAL_CODE,KOR_NATIONAL_NAME,ENG_NATIONAL_NAME,ALPHA2_CODE,ALPHA3_CODE,WEA_NAME,CRC_CODE,C_NAME) values ('238','포클랜드 제도','Falkland Islands \(Malvinas\)','FK','FLK',null,null,null);
Insert into HELLOWORLD.NATIONAL (NATIONAL_CODE,KOR_NATIONAL_NAME,ENG_NATIONAL_NAME,ALPHA2_CODE,ALPHA3_CODE,WEA_NAME,CRC_CODE,C_NAME) values ('239','사우스조지아 사우스샌드위치 제도','South Georgia and the South Sandwich Islands','GS','SGS',null,null,null);
Insert into HELLOWORLD.NATIONAL (NATIONAL_CODE,KOR_NATIONAL_NAME,ENG_NATIONAL_NAME,ALPHA2_CODE,ALPHA3_CODE,WEA_NAME,CRC_CODE,C_NAME) values ('242','피지','Fiji','FJ','FJI',null,null,null);
Insert into HELLOWORLD.NATIONAL (NATIONAL_CODE,KOR_NATIONAL_NAME,ENG_NATIONAL_NAME,ALPHA2_CODE,ALPHA3_CODE,WEA_NAME,CRC_CODE,C_NAME) values ('246','핀란드','Finland','FI','FIN',null,null,null);
Insert into HELLOWORLD.NATIONAL (NATIONAL_CODE,KOR_NATIONAL_NAME,ENG_NATIONAL_NAME,ALPHA2_CODE,ALPHA3_CODE,WEA_NAME,CRC_CODE,C_NAME) values ('248','올란드 제도','Åland Islands','AX','ALA',null,null,null);
Insert into HELLOWORLD.NATIONAL (NATIONAL_CODE,KOR_NATIONAL_NAME,ENG_NATIONAL_NAME,ALPHA2_CODE,ALPHA3_CODE,WEA_NAME,CRC_CODE,C_NAME) values ('250','프랑스','France','FR','FRA',null,null,null);
Insert into HELLOWORLD.NATIONAL (NATIONAL_CODE,KOR_NATIONAL_NAME,ENG_NATIONAL_NAME,ALPHA2_CODE,ALPHA3_CODE,WEA_NAME,CRC_CODE,C_NAME) values ('254','프랑스령 기아나','French Guiana','GF','GUF',null,null,null);
Insert into HELLOWORLD.NATIONAL (NATIONAL_CODE,KOR_NATIONAL_NAME,ENG_NATIONAL_NAME,ALPHA2_CODE,ALPHA3_CODE,WEA_NAME,CRC_CODE,C_NAME) values ('258','프랑스령 폴리네시아','French Polynesia','PF','PYF',null,null,null);
Insert into HELLOWORLD.NATIONAL (NATIONAL_CODE,KOR_NATIONAL_NAME,ENG_NATIONAL_NAME,ALPHA2_CODE,ALPHA3_CODE,WEA_NAME,CRC_CODE,C_NAME) values ('260','프랑스령 남방 및 남극','French Southern Territories','TF','ATF',null,null,null);
Insert into HELLOWORLD.NATIONAL (NATIONAL_CODE,KOR_NATIONAL_NAME,ENG_NATIONAL_NAME,ALPHA2_CODE,ALPHA3_CODE,WEA_NAME,CRC_CODE,C_NAME) values ('262','지부티','Djibouti','DJ','DJI',null,null,null);
Insert into HELLOWORLD.NATIONAL (NATIONAL_CODE,KOR_NATIONAL_NAME,ENG_NATIONAL_NAME,ALPHA2_CODE,ALPHA3_CODE,WEA_NAME,CRC_CODE,C_NAME) values ('266','가봉','Gabon','GA','GAB',null,null,null);
Insert into HELLOWORLD.NATIONAL (NATIONAL_CODE,KOR_NATIONAL_NAME,ENG_NATIONAL_NAME,ALPHA2_CODE,ALPHA3_CODE,WEA_NAME,CRC_CODE,C_NAME) values ('268','조지아','Georgia','GE','GEO',null,null,null);
Insert into HELLOWORLD.NATIONAL (NATIONAL_CODE,KOR_NATIONAL_NAME,ENG_NATIONAL_NAME,ALPHA2_CODE,ALPHA3_CODE,WEA_NAME,CRC_CODE,C_NAME) values ('270','감비아','Gambia','GM','GMB',null,null,null);
Insert into HELLOWORLD.NATIONAL (NATIONAL_CODE,KOR_NATIONAL_NAME,ENG_NATIONAL_NAME,ALPHA2_CODE,ALPHA3_CODE,WEA_NAME,CRC_CODE,C_NAME) values ('275','팔레스타인','Palestine\,State of','PS','PSE',null,null,null);
Insert into HELLOWORLD.NATIONAL (NATIONAL_CODE,KOR_NATIONAL_NAME,ENG_NATIONAL_NAME,ALPHA2_CODE,ALPHA3_CODE,WEA_NAME,CRC_CODE,C_NAME) values ('276','독일','Germany','DE','DEU',null,null,null);
Insert into HELLOWORLD.NATIONAL (NATIONAL_CODE,KOR_NATIONAL_NAME,ENG_NATIONAL_NAME,ALPHA2_CODE,ALPHA3_CODE,WEA_NAME,CRC_CODE,C_NAME) values ('288','가나','Ghana','GH','GHA',null,null,null);
Insert into HELLOWORLD.NATIONAL (NATIONAL_CODE,KOR_NATIONAL_NAME,ENG_NATIONAL_NAME,ALPHA2_CODE,ALPHA3_CODE,WEA_NAME,CRC_CODE,C_NAME) values ('292','지브롤터','Gibraltar','GI','GIB',null,null,null);
Insert into HELLOWORLD.NATIONAL (NATIONAL_CODE,KOR_NATIONAL_NAME,ENG_NATIONAL_NAME,ALPHA2_CODE,ALPHA3_CODE,WEA_NAME,CRC_CODE,C_NAME) values ('296','키리바시','Kiribati','KI','KIR',null,null,null);
Insert into HELLOWORLD.NATIONAL (NATIONAL_CODE,KOR_NATIONAL_NAME,ENG_NATIONAL_NAME,ALPHA2_CODE,ALPHA3_CODE,WEA_NAME,CRC_CODE,C_NAME) values ('300','그리스','Greece','GR','GRC',null,null,null);
Insert into HELLOWORLD.NATIONAL (NATIONAL_CODE,KOR_NATIONAL_NAME,ENG_NATIONAL_NAME,ALPHA2_CODE,ALPHA3_CODE,WEA_NAME,CRC_CODE,C_NAME) values ('304','그린란드','Greenland','GL','GRL',null,null,null);
Insert into HELLOWORLD.NATIONAL (NATIONAL_CODE,KOR_NATIONAL_NAME,ENG_NATIONAL_NAME,ALPHA2_CODE,ALPHA3_CODE,WEA_NAME,CRC_CODE,C_NAME) values ('308','그레나다','Grenada','GD','GRD',null,null,null);
Insert into HELLOWORLD.NATIONAL (NATIONAL_CODE,KOR_NATIONAL_NAME,ENG_NATIONAL_NAME,ALPHA2_CODE,ALPHA3_CODE,WEA_NAME,CRC_CODE,C_NAME) values ('312','과들루프','Guadeloupe','GP','GLP',null,null,null);
Insert into HELLOWORLD.NATIONAL (NATIONAL_CODE,KOR_NATIONAL_NAME,ENG_NATIONAL_NAME,ALPHA2_CODE,ALPHA3_CODE,WEA_NAME,CRC_CODE,C_NAME) values ('316','괌','Guam','GU','GUM',null,null,null);
Insert into HELLOWORLD.NATIONAL (NATIONAL_CODE,KOR_NATIONAL_NAME,ENG_NATIONAL_NAME,ALPHA2_CODE,ALPHA3_CODE,WEA_NAME,CRC_CODE,C_NAME) values ('320','과테말라','Guatemala','GT','GTM',null,null,null);
Insert into HELLOWORLD.NATIONAL (NATIONAL_CODE,KOR_NATIONAL_NAME,ENG_NATIONAL_NAME,ALPHA2_CODE,ALPHA3_CODE,WEA_NAME,CRC_CODE,C_NAME) values ('324','기니','Guinea','GN','GIN',null,null,null);
Insert into HELLOWORLD.NATIONAL (NATIONAL_CODE,KOR_NATIONAL_NAME,ENG_NATIONAL_NAME,ALPHA2_CODE,ALPHA3_CODE,WEA_NAME,CRC_CODE,C_NAME) values ('328','가이아나','Guyana','GY','GUY',null,null,null);
Insert into HELLOWORLD.NATIONAL (NATIONAL_CODE,KOR_NATIONAL_NAME,ENG_NATIONAL_NAME,ALPHA2_CODE,ALPHA3_CODE,WEA_NAME,CRC_CODE,C_NAME) values ('332','아이티','Haiti','HT','HTI',null,null,null);
Insert into HELLOWORLD.NATIONAL (NATIONAL_CODE,KOR_NATIONAL_NAME,ENG_NATIONAL_NAME,ALPHA2_CODE,ALPHA3_CODE,WEA_NAME,CRC_CODE,C_NAME) values ('334','허드 맥도널드 제도','Heard Island and McDonald Islands','HM','HMD',null,null,null);
Insert into HELLOWORLD.NATIONAL (NATIONAL_CODE,KOR_NATIONAL_NAME,ENG_NATIONAL_NAME,ALPHA2_CODE,ALPHA3_CODE,WEA_NAME,CRC_CODE,C_NAME) values ('336','바티칸 시국','Holy See','VA','VAT',null,null,null);
Insert into HELLOWORLD.NATIONAL (NATIONAL_CODE,KOR_NATIONAL_NAME,ENG_NATIONAL_NAME,ALPHA2_CODE,ALPHA3_CODE,WEA_NAME,CRC_CODE,C_NAME) values ('340','온두라스','Honduras','HN','HND',null,null,null);
Insert into HELLOWORLD.NATIONAL (NATIONAL_CODE,KOR_NATIONAL_NAME,ENG_NATIONAL_NAME,ALPHA2_CODE,ALPHA3_CODE,WEA_NAME,CRC_CODE,C_NAME) values ('344','홍콩','Hong Kong','HK','HKG',null,null,null);
Insert into HELLOWORLD.NATIONAL (NATIONAL_CODE,KOR_NATIONAL_NAME,ENG_NATIONAL_NAME,ALPHA2_CODE,ALPHA3_CODE,WEA_NAME,CRC_CODE,C_NAME) values ('348','헝가리','Hungary','HU','HUN',null,null,null);
Insert into HELLOWORLD.NATIONAL (NATIONAL_CODE,KOR_NATIONAL_NAME,ENG_NATIONAL_NAME,ALPHA2_CODE,ALPHA3_CODE,WEA_NAME,CRC_CODE,C_NAME) values ('352','아이슬란드','Iceland','IS','ISL',null,null,null);
Insert into HELLOWORLD.NATIONAL (NATIONAL_CODE,KOR_NATIONAL_NAME,ENG_NATIONAL_NAME,ALPHA2_CODE,ALPHA3_CODE,WEA_NAME,CRC_CODE,C_NAME) values ('356','인도','India','IN','IND',null,null,null);
Insert into HELLOWORLD.NATIONAL (NATIONAL_CODE,KOR_NATIONAL_NAME,ENG_NATIONAL_NAME,ALPHA2_CODE,ALPHA3_CODE,WEA_NAME,CRC_CODE,C_NAME) values ('360','인도네시아','Indonesia','ID','IDN',null,null,null);
Insert into HELLOWORLD.NATIONAL (NATIONAL_CODE,KOR_NATIONAL_NAME,ENG_NATIONAL_NAME,ALPHA2_CODE,ALPHA3_CODE,WEA_NAME,CRC_CODE,C_NAME) values ('364','이란','Iran \(Islamic Republic of\)','IR','IRN',null,null,null);
Insert into HELLOWORLD.NATIONAL (NATIONAL_CODE,KOR_NATIONAL_NAME,ENG_NATIONAL_NAME,ALPHA2_CODE,ALPHA3_CODE,WEA_NAME,CRC_CODE,C_NAME) values ('368','이라크','Iraq','IQ','IRQ',null,null,null);
Insert into HELLOWORLD.NATIONAL (NATIONAL_CODE,KOR_NATIONAL_NAME,ENG_NATIONAL_NAME,ALPHA2_CODE,ALPHA3_CODE,WEA_NAME,CRC_CODE,C_NAME) values ('372','아일랜드','Ireland','IE','IRL',null,null,null);
Insert into HELLOWORLD.NATIONAL (NATIONAL_CODE,KOR_NATIONAL_NAME,ENG_NATIONAL_NAME,ALPHA2_CODE,ALPHA3_CODE,WEA_NAME,CRC_CODE,C_NAME) values ('376','이스라엘','Israel','IL','ISR',null,null,null);
Insert into HELLOWORLD.NATIONAL (NATIONAL_CODE,KOR_NATIONAL_NAME,ENG_NATIONAL_NAME,ALPHA2_CODE,ALPHA3_CODE,WEA_NAME,CRC_CODE,C_NAME) values ('380','이탈리아','Italy','IT','ITA',null,null,null);
Insert into HELLOWORLD.NATIONAL (NATIONAL_CODE,KOR_NATIONAL_NAME,ENG_NATIONAL_NAME,ALPHA2_CODE,ALPHA3_CODE,WEA_NAME,CRC_CODE,C_NAME) values ('384','코트디부아르','Côte dIvoire','CI','CIV',null,null,null);
Insert into HELLOWORLD.NATIONAL (NATIONAL_CODE,KOR_NATIONAL_NAME,ENG_NATIONAL_NAME,ALPHA2_CODE,ALPHA3_CODE,WEA_NAME,CRC_CODE,C_NAME) values ('388','자메이카','Jamaica','JM','JAM',null,null,null);
Insert into HELLOWORLD.NATIONAL (NATIONAL_CODE,KOR_NATIONAL_NAME,ENG_NATIONAL_NAME,ALPHA2_CODE,ALPHA3_CODE,WEA_NAME,CRC_CODE,C_NAME) values ('392','일본','Japan','JP','JPN','Tokyo,JP','JPY','1엔(JPY)');
Insert into HELLOWORLD.NATIONAL (NATIONAL_CODE,KOR_NATIONAL_NAME,ENG_NATIONAL_NAME,ALPHA2_CODE,ALPHA3_CODE,WEA_NAME,CRC_CODE,C_NAME) values ('398','카자흐스탄','Kazakhstan','KZ','KAZ',null,null,null);
Insert into HELLOWORLD.NATIONAL (NATIONAL_CODE,KOR_NATIONAL_NAME,ENG_NATIONAL_NAME,ALPHA2_CODE,ALPHA3_CODE,WEA_NAME,CRC_CODE,C_NAME) values ('400','요르단','Jordan','JO','JOR',null,null,null);
Insert into HELLOWORLD.NATIONAL (NATIONAL_CODE,KOR_NATIONAL_NAME,ENG_NATIONAL_NAME,ALPHA2_CODE,ALPHA3_CODE,WEA_NAME,CRC_CODE,C_NAME) values ('404','케냐','Kenya','KE','KEN',null,null,null);
Insert into HELLOWORLD.NATIONAL (NATIONAL_CODE,KOR_NATIONAL_NAME,ENG_NATIONAL_NAME,ALPHA2_CODE,ALPHA3_CODE,WEA_NAME,CRC_CODE,C_NAME) values ('408','조선민주주의인민공화국','Korea \(Democratic Peoples Republic of\)','KP','PRK',null,null,null);
Insert into HELLOWORLD.NATIONAL (NATIONAL_CODE,KOR_NATIONAL_NAME,ENG_NATIONAL_NAME,ALPHA2_CODE,ALPHA3_CODE,WEA_NAME,CRC_CODE,C_NAME) values ('410','대한민국','Korea\,Republic of','KR','KOR',null,null,null);
Insert into HELLOWORLD.NATIONAL (NATIONAL_CODE,KOR_NATIONAL_NAME,ENG_NATIONAL_NAME,ALPHA2_CODE,ALPHA3_CODE,WEA_NAME,CRC_CODE,C_NAME) values ('414','쿠웨이트','Kuwait','KW','KWT',null,null,null);
Insert into HELLOWORLD.NATIONAL (NATIONAL_CODE,KOR_NATIONAL_NAME,ENG_NATIONAL_NAME,ALPHA2_CODE,ALPHA3_CODE,WEA_NAME,CRC_CODE,C_NAME) values ('417','키르기스스탄','Kyrgyzstan','KG','KGZ',null,null,null);
Insert into HELLOWORLD.NATIONAL (NATIONAL_CODE,KOR_NATIONAL_NAME,ENG_NATIONAL_NAME,ALPHA2_CODE,ALPHA3_CODE,WEA_NAME,CRC_CODE,C_NAME) values ('418','라오스','Lao Peoples Democratic Republic','LA','LAO',null,null,null);
Insert into HELLOWORLD.NATIONAL (NATIONAL_CODE,KOR_NATIONAL_NAME,ENG_NATIONAL_NAME,ALPHA2_CODE,ALPHA3_CODE,WEA_NAME,CRC_CODE,C_NAME) values ('422','레바논','Lebanon','LB','LBN',null,null,null);
Insert into HELLOWORLD.NATIONAL (NATIONAL_CODE,KOR_NATIONAL_NAME,ENG_NATIONAL_NAME,ALPHA2_CODE,ALPHA3_CODE,WEA_NAME,CRC_CODE,C_NAME) values ('426','레소토','Lesotho','LS','LSO',null,null,null);
Insert into HELLOWORLD.NATIONAL (NATIONAL_CODE,KOR_NATIONAL_NAME,ENG_NATIONAL_NAME,ALPHA2_CODE,ALPHA3_CODE,WEA_NAME,CRC_CODE,C_NAME) values ('428','라트비아','Latvia','LV','LVA',null,null,null);
Insert into HELLOWORLD.NATIONAL (NATIONAL_CODE,KOR_NATIONAL_NAME,ENG_NATIONAL_NAME,ALPHA2_CODE,ALPHA3_CODE,WEA_NAME,CRC_CODE,C_NAME) values ('430','라이베리아','Liberia','LR','LBR',null,null,null);
Insert into HELLOWORLD.NATIONAL (NATIONAL_CODE,KOR_NATIONAL_NAME,ENG_NATIONAL_NAME,ALPHA2_CODE,ALPHA3_CODE,WEA_NAME,CRC_CODE,C_NAME) values ('434','리비아','Libya','LY','LBY',null,null,null);
Insert into HELLOWORLD.NATIONAL (NATIONAL_CODE,KOR_NATIONAL_NAME,ENG_NATIONAL_NAME,ALPHA2_CODE,ALPHA3_CODE,WEA_NAME,CRC_CODE,C_NAME) values ('438','리히텐슈타인','Liechtenstein','LI','LIE',null,null,null);
Insert into HELLOWORLD.NATIONAL (NATIONAL_CODE,KOR_NATIONAL_NAME,ENG_NATIONAL_NAME,ALPHA2_CODE,ALPHA3_CODE,WEA_NAME,CRC_CODE,C_NAME) values ('440','리투아니아','Lithuania','LT','LTU',null,null,null);
Insert into HELLOWORLD.NATIONAL (NATIONAL_CODE,KOR_NATIONAL_NAME,ENG_NATIONAL_NAME,ALPHA2_CODE,ALPHA3_CODE,WEA_NAME,CRC_CODE,C_NAME) values ('442','룩셈부르크','Luxembourg','LU','LUX',null,null,null);
Insert into HELLOWORLD.NATIONAL (NATIONAL_CODE,KOR_NATIONAL_NAME,ENG_NATIONAL_NAME,ALPHA2_CODE,ALPHA3_CODE,WEA_NAME,CRC_CODE,C_NAME) values ('446','마카오','Macao','MO','MAC',null,null,null);
Insert into HELLOWORLD.NATIONAL (NATIONAL_CODE,KOR_NATIONAL_NAME,ENG_NATIONAL_NAME,ALPHA2_CODE,ALPHA3_CODE,WEA_NAME,CRC_CODE,C_NAME) values ('450','마다가스카르','Madagascar','MG','MDG',null,null,null);
Insert into HELLOWORLD.NATIONAL (NATIONAL_CODE,KOR_NATIONAL_NAME,ENG_NATIONAL_NAME,ALPHA2_CODE,ALPHA3_CODE,WEA_NAME,CRC_CODE,C_NAME) values ('454','말라위','Malawi','MW','MWI',null,null,null);
Insert into HELLOWORLD.NATIONAL (NATIONAL_CODE,KOR_NATIONAL_NAME,ENG_NATIONAL_NAME,ALPHA2_CODE,ALPHA3_CODE,WEA_NAME,CRC_CODE,C_NAME) values ('458','말레이시아','Malaysia','MY','MYS',null,null,null);
Insert into HELLOWORLD.NATIONAL (NATIONAL_CODE,KOR_NATIONAL_NAME,ENG_NATIONAL_NAME,ALPHA2_CODE,ALPHA3_CODE,WEA_NAME,CRC_CODE,C_NAME) values ('462','몰디브','Maldives','MV','MDV',null,null,null);
Insert into HELLOWORLD.NATIONAL (NATIONAL_CODE,KOR_NATIONAL_NAME,ENG_NATIONAL_NAME,ALPHA2_CODE,ALPHA3_CODE,WEA_NAME,CRC_CODE,C_NAME) values ('466','말리','Mali','ML','MLI',null,null,null);
Insert into HELLOWORLD.NATIONAL (NATIONAL_CODE,KOR_NATIONAL_NAME,ENG_NATIONAL_NAME,ALPHA2_CODE,ALPHA3_CODE,WEA_NAME,CRC_CODE,C_NAME) values ('470','몰타','Malta','MT','MLT',null,null,null);
Insert into HELLOWORLD.NATIONAL (NATIONAL_CODE,KOR_NATIONAL_NAME,ENG_NATIONAL_NAME,ALPHA2_CODE,ALPHA3_CODE,WEA_NAME,CRC_CODE,C_NAME) values ('474','마르티니크','Martinique','MQ','MTQ',null,null,null);
Insert into HELLOWORLD.NATIONAL (NATIONAL_CODE,KOR_NATIONAL_NAME,ENG_NATIONAL_NAME,ALPHA2_CODE,ALPHA3_CODE,WEA_NAME,CRC_CODE,C_NAME) values ('478','모리타니','Mauritania','MR','MRT',null,null,null);
Insert into HELLOWORLD.NATIONAL (NATIONAL_CODE,KOR_NATIONAL_NAME,ENG_NATIONAL_NAME,ALPHA2_CODE,ALPHA3_CODE,WEA_NAME,CRC_CODE,C_NAME) values ('480','모리셔스','Mauritius','MU','MUS',null,null,null);
Insert into HELLOWORLD.NATIONAL (NATIONAL_CODE,KOR_NATIONAL_NAME,ENG_NATIONAL_NAME,ALPHA2_CODE,ALPHA3_CODE,WEA_NAME,CRC_CODE,C_NAME) values ('484','멕시코','Mexico','MX','MEX',null,null,null);
Insert into HELLOWORLD.NATIONAL (NATIONAL_CODE,KOR_NATIONAL_NAME,ENG_NATIONAL_NAME,ALPHA2_CODE,ALPHA3_CODE,WEA_NAME,CRC_CODE,C_NAME) values ('492','모나코','Monaco','MC','MCO',null,null,null);
Insert into HELLOWORLD.NATIONAL (NATIONAL_CODE,KOR_NATIONAL_NAME,ENG_NATIONAL_NAME,ALPHA2_CODE,ALPHA3_CODE,WEA_NAME,CRC_CODE,C_NAME) values ('496','몽골','Mongolia','MN','MNG',null,null,null);
Insert into HELLOWORLD.NATIONAL (NATIONAL_CODE,KOR_NATIONAL_NAME,ENG_NATIONAL_NAME,ALPHA2_CODE,ALPHA3_CODE,WEA_NAME,CRC_CODE,C_NAME) values ('498','몰도바','Moldova\,Republic of','MD','MDA',null,null,null);
Insert into HELLOWORLD.NATIONAL (NATIONAL_CODE,KOR_NATIONAL_NAME,ENG_NATIONAL_NAME,ALPHA2_CODE,ALPHA3_CODE,WEA_NAME,CRC_CODE,C_NAME) values ('499','몬테네그로','Montenegro','ME','MNE',null,null,null);
Insert into HELLOWORLD.NATIONAL (NATIONAL_CODE,KOR_NATIONAL_NAME,ENG_NATIONAL_NAME,ALPHA2_CODE,ALPHA3_CODE,WEA_NAME,CRC_CODE,C_NAME) values ('500','몬트세랫','Montserrat','MS','MSR',null,null,null);
Insert into HELLOWORLD.NATIONAL (NATIONAL_CODE,KOR_NATIONAL_NAME,ENG_NATIONAL_NAME,ALPHA2_CODE,ALPHA3_CODE,WEA_NAME,CRC_CODE,C_NAME) values ('504','모로코','Morocco','MA','MAR',null,null,null);
Insert into HELLOWORLD.NATIONAL (NATIONAL_CODE,KOR_NATIONAL_NAME,ENG_NATIONAL_NAME,ALPHA2_CODE,ALPHA3_CODE,WEA_NAME,CRC_CODE,C_NAME) values ('508','모잠비크','Mozambique','MZ','MOZ',null,null,null);
Insert into HELLOWORLD.NATIONAL (NATIONAL_CODE,KOR_NATIONAL_NAME,ENG_NATIONAL_NAME,ALPHA2_CODE,ALPHA3_CODE,WEA_NAME,CRC_CODE,C_NAME) values ('512','오만','Oman','OM','OMN',null,null,null);
Insert into HELLOWORLD.NATIONAL (NATIONAL_CODE,KOR_NATIONAL_NAME,ENG_NATIONAL_NAME,ALPHA2_CODE,ALPHA3_CODE,WEA_NAME,CRC_CODE,C_NAME) values ('516','나미비아','Namibia','NA','NAM',null,null,null);
Insert into HELLOWORLD.NATIONAL (NATIONAL_CODE,KOR_NATIONAL_NAME,ENG_NATIONAL_NAME,ALPHA2_CODE,ALPHA3_CODE,WEA_NAME,CRC_CODE,C_NAME) values ('520','나우루','Nauru','NR','NRU',null,null,null);
Insert into HELLOWORLD.NATIONAL (NATIONAL_CODE,KOR_NATIONAL_NAME,ENG_NATIONAL_NAME,ALPHA2_CODE,ALPHA3_CODE,WEA_NAME,CRC_CODE,C_NAME) values ('524','네팔','Nepal','NP','NPL',null,null,null);
Insert into HELLOWORLD.NATIONAL (NATIONAL_CODE,KOR_NATIONAL_NAME,ENG_NATIONAL_NAME,ALPHA2_CODE,ALPHA3_CODE,WEA_NAME,CRC_CODE,C_NAME) values ('528','네덜란드','Netherlands','NL','NLD',null,null,null);
Insert into HELLOWORLD.NATIONAL (NATIONAL_CODE,KOR_NATIONAL_NAME,ENG_NATIONAL_NAME,ALPHA2_CODE,ALPHA3_CODE,WEA_NAME,CRC_CODE,C_NAME) values ('533','아루바','Aruba','AW','ABW',null,null,null);
Insert into HELLOWORLD.NATIONAL (NATIONAL_CODE,KOR_NATIONAL_NAME,ENG_NATIONAL_NAME,ALPHA2_CODE,ALPHA3_CODE,WEA_NAME,CRC_CODE,C_NAME) values ('534','신트마르턴','Sint Maarten \(Dutch part\)','SX','SXM',null,null,null);
Insert into HELLOWORLD.NATIONAL (NATIONAL_CODE,KOR_NATIONAL_NAME,ENG_NATIONAL_NAME,ALPHA2_CODE,ALPHA3_CODE,WEA_NAME,CRC_CODE,C_NAME) values ('540','누벨칼레도니','New Caledonia','NC','NCL',null,null,null);
Insert into HELLOWORLD.NATIONAL (NATIONAL_CODE,KOR_NATIONAL_NAME,ENG_NATIONAL_NAME,ALPHA2_CODE,ALPHA3_CODE,WEA_NAME,CRC_CODE,C_NAME) values ('548','바누아투','Vanuatu','VU','VUT',null,null,null);
Insert into HELLOWORLD.NATIONAL (NATIONAL_CODE,KOR_NATIONAL_NAME,ENG_NATIONAL_NAME,ALPHA2_CODE,ALPHA3_CODE,WEA_NAME,CRC_CODE,C_NAME) values ('554','뉴질랜드','New Zealand','NZ','NZL',null,null,null);
Insert into HELLOWORLD.NATIONAL (NATIONAL_CODE,KOR_NATIONAL_NAME,ENG_NATIONAL_NAME,ALPHA2_CODE,ALPHA3_CODE,WEA_NAME,CRC_CODE,C_NAME) values ('558','니카라과','Nicaragua','NI','NIC',null,null,null);
Insert into HELLOWORLD.NATIONAL (NATIONAL_CODE,KOR_NATIONAL_NAME,ENG_NATIONAL_NAME,ALPHA2_CODE,ALPHA3_CODE,WEA_NAME,CRC_CODE,C_NAME) values ('562','니제르','Niger','NE','NER',null,null,null);
Insert into HELLOWORLD.NATIONAL (NATIONAL_CODE,KOR_NATIONAL_NAME,ENG_NATIONAL_NAME,ALPHA2_CODE,ALPHA3_CODE,WEA_NAME,CRC_CODE,C_NAME) values ('566','나이지리아','Nigeria','NG','NGA',null,null,null);
Insert into HELLOWORLD.NATIONAL (NATIONAL_CODE,KOR_NATIONAL_NAME,ENG_NATIONAL_NAME,ALPHA2_CODE,ALPHA3_CODE,WEA_NAME,CRC_CODE,C_NAME) values ('570','니우에','Niue','NU','NIU',null,null,null);
Insert into HELLOWORLD.NATIONAL (NATIONAL_CODE,KOR_NATIONAL_NAME,ENG_NATIONAL_NAME,ALPHA2_CODE,ALPHA3_CODE,WEA_NAME,CRC_CODE,C_NAME) values ('574','노퍽 섬','Norfolk Island','NF','NFK',null,null,null);
Insert into HELLOWORLD.NATIONAL (NATIONAL_CODE,KOR_NATIONAL_NAME,ENG_NATIONAL_NAME,ALPHA2_CODE,ALPHA3_CODE,WEA_NAME,CRC_CODE,C_NAME) values ('578','노르웨이','Norway','NO','NOR',null,null,null);
Insert into HELLOWORLD.NATIONAL (NATIONAL_CODE,KOR_NATIONAL_NAME,ENG_NATIONAL_NAME,ALPHA2_CODE,ALPHA3_CODE,WEA_NAME,CRC_CODE,C_NAME) values ('580','북마리아나 제도','Northern Mariana Islands','MP','MNP',null,null,null);
Insert into HELLOWORLD.NATIONAL (NATIONAL_CODE,KOR_NATIONAL_NAME,ENG_NATIONAL_NAME,ALPHA2_CODE,ALPHA3_CODE,WEA_NAME,CRC_CODE,C_NAME) values ('581','미국령 군소 제도','United States Minor Outlying Islands','UM','UMI',null,null,null);
Insert into HELLOWORLD.NATIONAL (NATIONAL_CODE,KOR_NATIONAL_NAME,ENG_NATIONAL_NAME,ALPHA2_CODE,ALPHA3_CODE,WEA_NAME,CRC_CODE,C_NAME) values ('583','미크로네시아 연방','Micronesia \(Federated States of\)','FM','FSM',null,null,null);
Insert into HELLOWORLD.NATIONAL (NATIONAL_CODE,KOR_NATIONAL_NAME,ENG_NATIONAL_NAME,ALPHA2_CODE,ALPHA3_CODE,WEA_NAME,CRC_CODE,C_NAME) values ('584','마셜 제도','Marshall Islands','MH','MHL',null,null,null);
Insert into HELLOWORLD.NATIONAL (NATIONAL_CODE,KOR_NATIONAL_NAME,ENG_NATIONAL_NAME,ALPHA2_CODE,ALPHA3_CODE,WEA_NAME,CRC_CODE,C_NAME) values ('585','팔라우','Palau','PW','PLW',null,null,null);
Insert into HELLOWORLD.NATIONAL (NATIONAL_CODE,KOR_NATIONAL_NAME,ENG_NATIONAL_NAME,ALPHA2_CODE,ALPHA3_CODE,WEA_NAME,CRC_CODE,C_NAME) values ('586','파키스탄','Pakistan','PK','PAK',null,null,null);
Insert into HELLOWORLD.NATIONAL (NATIONAL_CODE,KOR_NATIONAL_NAME,ENG_NATIONAL_NAME,ALPHA2_CODE,ALPHA3_CODE,WEA_NAME,CRC_CODE,C_NAME) values ('591','파나마','Panama','PA','PAN',null,null,null);
Insert into HELLOWORLD.NATIONAL (NATIONAL_CODE,KOR_NATIONAL_NAME,ENG_NATIONAL_NAME,ALPHA2_CODE,ALPHA3_CODE,WEA_NAME,CRC_CODE,C_NAME) values ('598','파푸아뉴기니','Papua New Guinea','PG','PNG',null,null,null);
Insert into HELLOWORLD.NATIONAL (NATIONAL_CODE,KOR_NATIONAL_NAME,ENG_NATIONAL_NAME,ALPHA2_CODE,ALPHA3_CODE,WEA_NAME,CRC_CODE,C_NAME) values ('600','파라과이','Paraguay','PY','PRY',null,null,null);
Insert into HELLOWORLD.NATIONAL (NATIONAL_CODE,KOR_NATIONAL_NAME,ENG_NATIONAL_NAME,ALPHA2_CODE,ALPHA3_CODE,WEA_NAME,CRC_CODE,C_NAME) values ('604','페루','Peru','PE','PER',null,null,null);
Insert into HELLOWORLD.NATIONAL (NATIONAL_CODE,KOR_NATIONAL_NAME,ENG_NATIONAL_NAME,ALPHA2_CODE,ALPHA3_CODE,WEA_NAME,CRC_CODE,C_NAME) values ('608','필리핀','Philippines','PH','PHL',null,null,null);
Insert into HELLOWORLD.NATIONAL (NATIONAL_CODE,KOR_NATIONAL_NAME,ENG_NATIONAL_NAME,ALPHA2_CODE,ALPHA3_CODE,WEA_NAME,CRC_CODE,C_NAME) values ('612','핏케언 제도','Pitcairn','PN','PCN',null,null,null);
Insert into HELLOWORLD.NATIONAL (NATIONAL_CODE,KOR_NATIONAL_NAME,ENG_NATIONAL_NAME,ALPHA2_CODE,ALPHA3_CODE,WEA_NAME,CRC_CODE,C_NAME) values ('616','폴란드','Poland','PL','POL',null,null,null);
REM INSERTING into HELLOWORLD.NATIONAL_INFO
SET DEFINE OFF;
REM INSERTING into HELLOWORLD.NOTICE
SET DEFINE OFF;
Insert into HELLOWORLD.NOTICE (NOTICE_NO,NOTICE_TITLE,NOTICE_CONTENT,EVENT_CHECK,NOTICE_DATE) values (1,'공지사항입니다','어쩌구 저쩌',0,to_date('19/06/10','RR/MM/DD'));
REM INSERTING into HELLOWORLD.PLACE
SET DEFINE OFF;
Insert into HELLOWORLD.PLACE (PLACE_ID,CITY_CODE_1,PLACE_CODE,PLACE_NAME,PLACE_X,PLACE_Y,PLACE_RATING) values ('ChIJZ9v0bP5r5TQRi0-esrqficA','011','1','슈리 성',26.2170135,127.71952080000005,4);
Insert into HELLOWORLD.PLACE (PLACE_ID,CITY_CODE_1,PLACE_CODE,PLACE_NAME,PLACE_X,PLACE_Y,PLACE_RATING) values ('ChIJN2Lu08lT5TQRuQqXf49TPsE','011','4','케라마 백팩커스',26.1963379,127.36173889999998,3);
Insert into HELLOWORLD.PLACE (PLACE_ID,CITY_CODE_1,PLACE_CODE,PLACE_NAME,PLACE_X,PLACE_Y,PLACE_RATING) values ('ChIJ_zpl5zQR5TQRl-AiIRNRkIM','011','1','하나우이소바',26.3976715,127.7251311,3);
Insert into HELLOWORLD.PLACE (PLACE_ID,CITY_CODE_1,PLACE_CODE,PLACE_NAME,PLACE_X,PLACE_Y,PLACE_RATING) values ('ChIJ5QenkukD5TQRVhuucaxbNME','011','2','okashigoten',26.5065067,127.87859490000005,4);
Insert into HELLOWORLD.PLACE (PLACE_ID,CITY_CODE_1,PLACE_CODE,PLACE_NAME,PLACE_X,PLACE_Y,PLACE_RATING) values ('ChIJ__8gq9745DQRphi78Pbzd4w','011','2','야치문킷사시사엔',26.6438348,127.94119890000002,3);
Insert into HELLOWORLD.PLACE (PLACE_ID,CITY_CODE_1,PLACE_CODE,PLACE_NAME,PLACE_X,PLACE_Y,PLACE_RATING) values ('ChIJYTMZ2Z1p5TQR-WmFEsm5d20','011','3','아이노시사 공원',26.2129018,127.67946840000002,5);
Insert into HELLOWORLD.PLACE (PLACE_ID,CITY_CODE_1,PLACE_CODE,PLACE_NAME,PLACE_X,PLACE_Y,PLACE_RATING) values ('ChIJfYYxtF755DQRMQpk94q0UxY','011','1','키시모토 식당',26.66033729999999,127.89587269999993,5);
Insert into HELLOWORLD.PLACE (PLACE_ID,CITY_CODE_1,PLACE_CODE,PLACE_NAME,PLACE_X,PLACE_Y,PLACE_RATING) values ('ChIJ_x6mdRAT5TQRNthCackJBdM','011','3','선셋 비치',26.31397,127.75520000000006,5);
Insert into HELLOWORLD.PLACE (PLACE_ID,CITY_CODE_1,PLACE_CODE,PLACE_NAME,PLACE_X,PLACE_Y,PLACE_RATING) values ('ChIJk_KWO7b55DQRKxOWLWIfixA','011','5','나키진촌 구스쿠 교류 센터',26.692558,127.92806599999994,2);
Insert into HELLOWORLD.PLACE (PLACE_ID,CITY_CODE_1,PLACE_CODE,PLACE_NAME,PLACE_X,PLACE_Y,PLACE_RATING) values ('ChIJzZoVCAUT5TQRzIueHYt83hs','011','5','아메리칸 빌리지',26.3168555,127.75756769999998,3);
Insert into HELLOWORLD.PLACE (PLACE_ID,CITY_CODE_1,PLACE_CODE,PLACE_NAME,PLACE_X,PLACE_Y,PLACE_RATING) values ('ChIJzdBaAc1Z5DQREdhFawH2J8M','011','3','코우리섬',26.6954521,128.02316999999994,5);
Insert into HELLOWORLD.PLACE (PLACE_ID,CITY_CODE_1,PLACE_CODE,PLACE_NAME,PLACE_X,PLACE_Y,PLACE_RATING) values ('ChIJneMPhXBp5TQRNndEUEhCbH4','011','2','우라라',26.214424,127.68866700000001,5);
Insert into HELLOWORLD.PLACE (PLACE_ID,CITY_CODE_1,PLACE_CODE,PLACE_NAME,PLACE_X,PLACE_Y,PLACE_RATING) values ('ChIJibNldL-OGGARXu2ehqOhpLo','011','1','레드 플래닛 도쿄 아사쿠사',35.7122244,139.79236000000003,5);
Insert into HELLOWORLD.PLACE (PLACE_ID,CITY_CODE_1,PLACE_CODE,PLACE_NAME,PLACE_X,PLACE_Y,PLACE_RATING) values ('ChIJ77FKZ3dp5TQR4CHkxHa5r-c','011','1','얏빠리 스테이크 3호점',26.215472,127.68519760000004,5);
Insert into HELLOWORLD.PLACE (PLACE_ID,CITY_CODE_1,PLACE_CODE,PLACE_NAME,PLACE_X,PLACE_Y,PLACE_RATING) values ('ChIJ3XcxFf4N5TQRvSU-Y5qCWyQ','011','1','Irei Hardware Ltd',26.346356,127.81289300000003,5);
Insert into HELLOWORLD.PLACE (PLACE_ID,CITY_CODE_1,PLACE_CODE,PLACE_NAME,PLACE_X,PLACE_Y,PLACE_RATING) values ('ChIJ4WW5pHIS5TQRyBnObD4wCho','011','1','Sonoda Park',26.3309766,127.79875790000006,5);
Insert into HELLOWORLD.PLACE (PLACE_ID,CITY_CODE_1,PLACE_CODE,PLACE_NAME,PLACE_X,PLACE_Y,PLACE_RATING) values ('ChIJxRvW16Ya5TQRubB2b8hH3Cw','011','3','온나노에키 나카유쿠이 이치바',26.436159,127.79499800000008,3);
Insert into HELLOWORLD.PLACE (PLACE_ID,CITY_CODE_1,PLACE_CODE,PLACE_NAME,PLACE_X,PLACE_Y,PLACE_RATING) values ('ChIJdydOdWgS5TQRr8LgWiJYDMA','011','1','Yamazato Mutsumi Park',26.32489660000001,127.78888430000006,5);
Insert into HELLOWORLD.PLACE (PLACE_ID,CITY_CODE_1,PLACE_CODE,PLACE_NAME,PLACE_X,PLACE_Y,PLACE_RATING) values ('ChIJUaRT6C8N5TQRje0zrDygkWk','011','2','e-style',26.3414209,127.82285090000005,4);
Insert into HELLOWORLD.PLACE (PLACE_ID,CITY_CODE_1,PLACE_CODE,PLACE_NAME,PLACE_X,PLACE_Y,PLACE_RATING) values ('ChIJMdJgznoQ5TQR7jfRwP4C0o0','011','1','류큐무라',26.429469,127.775259,2);
Insert into HELLOWORLD.PLACE (PLACE_ID,CITY_CODE_1,PLACE_CODE,PLACE_NAME,PLACE_X,PLACE_Y,PLACE_RATING) values ('ChIJhz-mwHMS5TQRzMYJd9oO8PQ','011','1','Yugafu',26.327119,127.80182500000001,1);
Insert into HELLOWORLD.PLACE (PLACE_ID,CITY_CODE_1,PLACE_CODE,PLACE_NAME,PLACE_X,PLACE_Y,PLACE_RATING) values ('ChIJE80qi4YT5TQRu16rcrslttI','011','3','Kadena Olympic Popeyes',26.3358021,127.77146379999999,4);
Insert into HELLOWORLD.PLACE (PLACE_ID,CITY_CODE_1,PLACE_CODE,PLACE_NAME,PLACE_X,PLACE_Y,PLACE_RATING) values ('ChIJidJG4NZr5TQRT72tn2b7XzQ','011','1','나하 시청',26.2122958,127.67919570000004,4);
REM INSERTING into HELLOWORLD.PLACE_CODE
SET DEFINE OFF;
Insert into HELLOWORLD.PLACE_CODE (PLACE_CODE,PLACE_KIND) values ('1','맛집');
Insert into HELLOWORLD.PLACE_CODE (PLACE_CODE,PLACE_KIND) values ('2','쇼핑');
Insert into HELLOWORLD.PLACE_CODE (PLACE_CODE,PLACE_KIND) values ('3','휴양');
Insert into HELLOWORLD.PLACE_CODE (PLACE_CODE,PLACE_KIND) values ('4','레져');
Insert into HELLOWORLD.PLACE_CODE (PLACE_CODE,PLACE_KIND) values ('5','역사');
REM INSERTING into HELLOWORLD.PLACE_LIST
SET DEFINE OFF;
REM INSERTING into HELLOWORLD.PLAN
SET DEFINE OFF;
REM INSERTING into HELLOWORLD.QUESTION_BOARD
SET DEFINE OFF;
Insert into HELLOWORLD.QUESTION_BOARD (QUESTION_NO,QUESTION_WRITER,QUESTION_TITLE,QUESTION_CONTENT,QUESTION_ORIGINAL_FILENAME,QUESTION_RENAMED_FILENAME,QUESTION_DATE,QUESTION_LEVEL,ANSWER_LEVEL) values (22,'happy','궁금한 게 있는데','사진 예쁘나요? ','1560059390 (4).png','20190611_230542940_990.png',to_date('19/06/11','RR/MM/DD'),1,1);
REM INSERTING into HELLOWORLD.QUESTION_COMMENT
SET DEFINE OFF;
REM INSERTING into HELLOWORLD.REVIEW
SET DEFINE OFF;
Insert into HELLOWORLD.REVIEW (REVIEW_NO,MEMBER_ID,PLACE_ID,REVIEW_TITLE,REVIEW_CONTENT,PLACE_RATING,LIKE_COUNT,READ_COUNT,REVIEW_DATE,CITY_CODE) values (37,'admin','ChIJZ9v0bP5r5TQRi0-esrqficA','오키나와 여행지','2~3월, 오키나와를 찾는다면 오키나와 도심과 가까운 나하 요기 공원을 방문해보자. 연중 따뜻한 날씨를 자랑하는 오키나와 날씨 덕에 이른 봄이 되면 요기 공원에는 다양한 야자수들과 약 400여 개의 벚꽃 나무들이 분홍빛으로 가득 물들어 멋진 장관을 연출한다. 2월 중순부터는 ''나하 벚꽃 축제''도 열리며 국제 거리를 돌아다닌 후, 도보로 요기 공원의 벚꽃을 만나러 가기에도 편리하니 한국보다 먼저 오키나와에서 꽃놀이를 즐겨보자.



슈리성은 오키나와 류큐 왕국 시대의 역사와 문화를 가장 가까이에서 경험할 수 있는 관광 명소로 오키나와를 찾는 여행자들이 필수로 들리는 곳 중 하나다. 오키나와의 상징으로 알려진 슈레이몬 문을 지나면 다양한 세계 문화유산들을 만날 수 있다. 연인과 함께 슈리성을 방문했다면 주요 건물들과 함께 성곽 산책로는 꼭 걸어보길 추천한다. 특히 돌다다미길인 이시타다미미치는 과거 류큐 왕국 귀족들의 저택이 있던 곳으로 현재는 일반 주택들이 간간이 있지만 아기자기한 카페들도 많아 나하 시내를 바라보며 커피 한 잔을 즐기기에도 좋다.',4,0,0,to_date('19/06/11','RR/MM/DD'),'011');
Insert into HELLOWORLD.REVIEW (REVIEW_NO,MEMBER_ID,PLACE_ID,REVIEW_TITLE,REVIEW_CONTENT,PLACE_RATING,LIKE_COUNT,READ_COUNT,REVIEW_DATE,CITY_CODE) values (43,'happy','ChIJN2Lu08lT5TQRuQqXf49TPsE','케라마제도','둘째 날에는 스노클링과 스쿠버 다이빙을 했다.

''카이자 마린''이라는 업체를 통했는데, 한국어를 할 수 있는 강사분이 있어서 교육받는 데에 아무런 지장이 없었다.  (Reeffers라는 일본어와 영어만 쓰는 업체가 있었는데, 조금 더 저렴하고 여러 포인트를 둘러볼 수 있다. 이쪽을 신청하다가 예약 과정에서 혼선이 생겨 카이자마린을 택하게 되었다.)

나는 케라마 제도 A코스를 신청했고, 예약금 + 엔화 지불금액은 약 13만 원가량이다. (장비, 보험, 점심 포함)

요트를 타고 50분가량 케라마제도를 가서 해양 액티비티를 하는 것이다. 스쿠버 다이빙을 하지 않고 스노클링만 한다면 좀 더 저렴한 가격으로 즐길 수 있다.

',3,0,0,to_date('19/06/11','RR/MM/DD'),'011');
Insert into HELLOWORLD.REVIEW (REVIEW_NO,MEMBER_ID,PLACE_ID,REVIEW_TITLE,REVIEW_CONTENT,PLACE_RATING,LIKE_COUNT,READ_COUNT,REVIEW_DATE,CITY_CODE) values (31,'admin','ChIJ_zpl5zQR5TQRl-AiIRNRkIM','해산물 듬뿍 얹은 소바','각종 해산물을 듬뿍 올린 우민츄 소바로 유명한 맛집. 한 그릇으로 두 명이 먹을 수 있을 정도로 푸짐한 양을 자랑한다. 고춧가루가 들어가지 않은 하얀 국물은 맵지 않은 짬뽕 맛과 비슷하다. 푸짐한 돼지고기 토핑의 하나우이 소바와 소고기숙주 볶음정식도 인기 메뉴.



간단정보

· 가격 : 우민츄 소바, 소고기숙주 볶음정식, 치킨 양념구이 정식 모두 900엔 
· 운영시간 : 11:00 - 22:00 (수요일 휴무)
· 위치 : 중부 요미탄',3,0,1,to_date('19/06/11','RR/MM/DD'),'011');
Insert into HELLOWORLD.REVIEW (REVIEW_NO,MEMBER_ID,PLACE_ID,REVIEW_TITLE,REVIEW_CONTENT,PLACE_RATING,LIKE_COUNT,READ_COUNT,REVIEW_DATE,CITY_CODE) values (32,'admin','ChIJ5QenkukD5TQRVhuucaxbNME','자색고구마 타르트','자색고구마 타르트 :
오키나와의 명물 자색고구마(베니이모)로 만든 타르트. 적당히 달달한 식감과 풍미를 살린 타르트가 특히 인기. 부드러우면서 촉촉한 베니이모와 버터향 풍기는 타르트가 잘 어울린다. 

・ 가격 : 6개입 648엔 / 10개입 1,080엔',4,0,1,to_date('19/06/11','RR/MM/DD'),'011');
Insert into HELLOWORLD.REVIEW (REVIEW_NO,MEMBER_ID,PLACE_ID,REVIEW_TITLE,REVIEW_CONTENT,PLACE_RATING,LIKE_COUNT,READ_COUNT,REVIEW_DATE,CITY_CODE) values (33,'admin','ChIJ__8gq9745DQRphi78Pbzd4w','도자기 야치문','오키나와의 특산품 ‘야치문’은 오키나와 말로 도자기라는 의미다. 소박하고 담백한 디자인이 특징. 다소 투박해 보이지만 개성 있고 실용성 있는 도자기가 많다. 찻잔이나 사발은 생활 도자기로도 부담 없이 사용 가능하다. 
・ 가격 : 크기, 모양에 따라 천차만별. 머그 2,000엔 부터',3,0,1,to_date('19/06/11','RR/MM/DD'),'011');
Insert into HELLOWORLD.REVIEW (REVIEW_NO,MEMBER_ID,PLACE_ID,REVIEW_TITLE,REVIEW_CONTENT,PLACE_RATING,LIKE_COUNT,READ_COUNT,REVIEW_DATE,CITY_CODE) values (29,'admin','ChIJfYYxtF755DQRMQpk94q0UxY','기시모토 식당','3대째 이어지는 100년 전통 오키나와 소바 전문점. 100% 밀가루로 만드는 오키나와 소바의 정석. 가다랑어와 돼지 사골을 우려낸 시원한 국물이 특징. 워낙 유명해 현지인들도 꼭 들를 정도다. 낡고 허름한 본점의 외관이 오히려 세월의 깊이를 더한다.



간단정보

· 가격 : 오키나와 소바 500엔 (대 650엔) / 쥬시 250엔 
· 운영시간 : 11:00 - 17:30 (수요일 휴무)
· 위치 : 북부 모토부



알아두면 좋아요!

오후 3시 이후 재료가 소진되면 마감될 수 있으니 일찍 방문할 것. 본점보다는 분점 야에다케점이 좀 더 여유롭다.',5,0,1,to_date('19/06/11','RR/MM/DD'),'011');
Insert into HELLOWORLD.REVIEW (REVIEW_NO,MEMBER_ID,PLACE_ID,REVIEW_TITLE,REVIEW_CONTENT,PLACE_RATING,LIKE_COUNT,READ_COUNT,REVIEW_DATE,CITY_CODE) values (34,'admin','ChIJYTMZ2Z1p5TQR-WmFEsm5d20','가장 번화한 도시, 나하','오키나와에서 가장 번화한 도시, 나하

오키나와 여행 시, 가장 먼저 방문하는 도시는 나하. 오키나와에서 가장 번화한 도시인만큼 다양한 상점들과 호텔들이 모여 있다. 그중 가장 많은 관광객들이 오가는 국제거리는 가로수가 야자수로 된 도시의 풍경이 이색적이다. 



Tip
일요일에는 차 없는 요일로 도로를 마음껏 걸어 다니며 곳곳에서 전통 공연이 진행돼 평소보다 여러 가지 볼거리도 많으니 여행 기간과 일정이 맞으면 들러보자.',5,0,1,to_date('19/06/11','RR/MM/DD'),'011');
Insert into HELLOWORLD.REVIEW (REVIEW_NO,MEMBER_ID,PLACE_ID,REVIEW_TITLE,REVIEW_CONTENT,PLACE_RATING,LIKE_COUNT,READ_COUNT,REVIEW_DATE,CITY_CODE) values (35,'admin','ChIJ_x6mdRAT5TQRNthCackJBdM','오키나와의 하이라이트, 바다','기다란 모양의 섬인 오키나와는 내륙 쪽에 있어도 어렵지 않게 바다에 접근할 수 있다. 나하와 아메리칸 빌리지에서 가까운 유명한 해변으로는 아라 하 해변, 일몰로 유명한 선셋 비치가 있는데, 이 외에도 저마다 마치 물감을 풀어놓은 듯한 아름다운 해변들이 줄지어 있다. 이런 오션뷰의 리조트에서 숙박을 하며 다양한 해양 액티비티를 즐기고, 제대로 오키나와 휴양을 즐겨 보는 것도 행복한 여행이 될 것이다. 해수욕을 즐기기 좋은 해변 이외에도 독특한 지형의 해안가 자연 풍경도 감상해볼 수 있다. 아메리칸 빌리지보다 북쪽으로 올라가면 땅의 왼편 끝 모서리에 잔파곶과 잔파 등대를 만나볼 수 있는데, 기암절벽과 잔파곶 끝에 우뚝 서있는 새하얀 등대의 모습이 인상적인 바다 풍경을 만날 수 있다.

',5,0,1,to_date('19/06/11','RR/MM/DD'),'011');
Insert into HELLOWORLD.REVIEW (REVIEW_NO,MEMBER_ID,PLACE_ID,REVIEW_TITLE,REVIEW_CONTENT,PLACE_RATING,LIKE_COUNT,READ_COUNT,REVIEW_DATE,CITY_CODE) values (36,'admin','ChIJk_KWO7b55DQRKxOWLWIfixA','오키나와의 역사를 느껴보는 장소','나하에 도착하고 나서는 오키나와 중부로 이동했다. 나하와는 또 다른 오키나와의 시골 풍경이 보고 싶어서 ''나키진(今帰仁)''이라는 곳으로 왔다. 이곳에도 세계유산으로 등록된 구스크성 터가 있다. 지금이야 오키나와가 일본의 대표적인 남쪽 휴양지로 인식되지만, 사실 오키나와는 원래부터 일본이 아니었다. 구스크 시대를 거쳐 류큐왕국을 세운 독립 국가였던 오키나와는 1600년대 초부터 규슈 남부의 사쓰마번의 지배를 받게 되고, 이후 1868년 메이지 유신으로 인해 일본에 정식으로 편입된다. 오키나와라는 명칭도 그때 붙여진 이름이다. 1945년 패전 이후 27년 동안 미국의 통치를 받았고, 1972년에야 본토 복귀를 선언하며 지금의 오키나와에 이르게 된다. 

전쟁 때는 총알받이의 땅이 되었고, 패전 후에는 미국의 통치하에 있었으며, 지금까지도 미군의 주둔지인 오키나와. 수많은 역사 속에서 많은 아픔과 한이 서려있을 이 땅. 그래서인지 온전한 독립 국가였던 당시에 세웠을 구스크 성벽에 올라보면 어딘가 짠한 마음이 든다. 



2000년에 류큐왕국 구스크 및 관련 유산군으로 세계 문화유산에 등록되었다. 일본 본토에서 접하는 성벽들과 한눈에도 다르다는 것을 통해 류큐가 일본과는 다른 고유의 문화를 만들어 왔다는 것을 알 수 있다.',2,0,0,to_date('19/06/11','RR/MM/DD'),'011');
Insert into HELLOWORLD.REVIEW (REVIEW_NO,MEMBER_ID,PLACE_ID,REVIEW_TITLE,REVIEW_CONTENT,PLACE_RATING,LIKE_COUNT,READ_COUNT,REVIEW_DATE,CITY_CODE) values (38,'admin','ChIJzZoVCAUT5TQRzIueHYt83hs','오키나와 속 작은 미국','아메리칸 빌리지는 미국 샌디에이고에 있는 시포트 빌리지를 모티브로 삼아 만든 곳으로 쇼핑, 레저를 동시에 즐길 수 있는 인기 명소다. 한국의 이태원처럼 거리 곳곳에 외국인들을 쉽게 만날 수 있으며 쇼핑몰, 극장, 레스토랑이 즐비해 색다른 추억을 만들기에 좋다. 아메리칸 빌리지에 왔다면 대관람차인 ''스카이 맥스 60''도 꼭 탑승해보자. 특히 해 질 녘 관람차에서는 파노라믹 한 석양을 감상할 수 있어 둘만의 낭만적인 시간을 즐길 수 있을 것이다.',3,0,1,to_date('19/06/11','RR/MM/DD'),'011');
Insert into HELLOWORLD.REVIEW (REVIEW_NO,MEMBER_ID,PLACE_ID,REVIEW_TITLE,REVIEW_CONTENT,PLACE_RATING,LIKE_COUNT,READ_COUNT,REVIEW_DATE,CITY_CODE) values (39,'admin','ChIJzdBaAc1Z5DQREdhFawH2J8M',' 코우리섬 & 하트락','코우리 섬은 오키나와 나카진 북쪽에 위치한 작은 섬으로 에메랄드빛 바다를 바라보며 여유롭게 산책을 즐길 수 있어 연인들에게 높은 인기를 자랑한다. 코우리 섬을 가기 위해서는 오키나와 본섬에서 이어진 총 2km의 코우리 대교를 지나야 하며 차 또는 도보로 이동 가능해 쉽게 닿을 수 있다. 코우리 섬에 왔다면 연인들의 인기 스팟인 하트로(사랑 바위)은 필수로 들러보자. 각종 광고와 영화에 나올 만큼 유명한 명소인 하트락은 바다에 우뚝 솟은 하트 모양의 바위로 인증샷을 남기기에도 좋다.',5,1,1,to_date('19/06/11','RR/MM/DD'),'011');
Insert into HELLOWORLD.REVIEW (REVIEW_NO,MEMBER_ID,PLACE_ID,REVIEW_TITLE,REVIEW_CONTENT,PLACE_RATING,LIKE_COUNT,READ_COUNT,REVIEW_DATE,CITY_CODE) values (40,'admin','ChIJneMPhXBp5TQRNndEUEhCbH4','세상에서 가장 작은 책방 ''우라라''','세계에서 가장 작은 책방 ''우라라''가 그 주인공입니다. "이라사이마세(어서오십시오)". 주변 상인들의 활기찬 목소리가 생생히 들려오는 책방입니다. 서점 주인은 도쿄 출신, 국내엔 ''오키나와에서 헌책방을 열었습니다''란 책으로 알려진 작가 우다 도모코 씨입니다. 시장 중심에 있는 조그만 책방. 그 이유는 뭘까요. 



대형 서점 체인에서 일하던 우다 씨 인생에 오키나와는 불쑥 찾아옵니다. 나하시에 서점이 생기면서 관리자로 파견된 것이죠. 그러나 우다 씨는 파견 기간이 끝났어도, 도쿄로 돌아가지 않았습니다. 대신 2011년 시장 한 켠에 헌책방을 열었습니다. 자신도 왜 그런 선택을 했는지 모른다는군요. ''그냥''이라는 표현이 적절할 듯 합니다. 
2015년 12월 어느날 찾은 ''우라라'', 시장 상인의 외침과 함께 그 곁에서 활자를 즐기는 사람들이 있습니다. 재래시장의 풍광과 한 편에 자리잡은 책방의 공존이 어색하지 않았습니다. 어디서나 책장을 넘기는 이곳. 세상에서 가장 작은 책방 ''우라라''가 있는 오키나와는 어쩌면 세상에서 가장 큰 책방일지도 모르겠습니다.',5,1,1,to_date('19/06/11','RR/MM/DD'),'011');
Insert into HELLOWORLD.REVIEW (REVIEW_NO,MEMBER_ID,PLACE_ID,REVIEW_TITLE,REVIEW_CONTENT,PLACE_RATING,LIKE_COUNT,READ_COUNT,REVIEW_DATE,CITY_CODE) values (41,'happy','ChIJibNldL-OGGARXu2ehqOhpLo','오키나와에도 있어요','진짠뎅 ㅎㅎ 호텔인데 호텔 사진은 안 찍고 길거리 사진만 찍었네요...',5,0,1,to_date('19/06/11','RR/MM/DD'),'011');
Insert into HELLOWORLD.REVIEW (REVIEW_NO,MEMBER_ID,PLACE_ID,REVIEW_TITLE,REVIEW_CONTENT,PLACE_RATING,LIKE_COUNT,READ_COUNT,REVIEW_DATE,CITY_CODE) values (42,'happy','ChIJ77FKZ3dp5TQR4CHkxHa5r-c','얏빠리 스테끼','얏빠리 스테끼. 국제거리에 4호점까지 있다. 싸고 맛있다!',5,0,0,to_date('19/06/11','RR/MM/DD'),'011');
Insert into HELLOWORLD.REVIEW (REVIEW_NO,MEMBER_ID,PLACE_ID,REVIEW_TITLE,REVIEW_CONTENT,PLACE_RATING,LIKE_COUNT,READ_COUNT,REVIEW_DATE,CITY_CODE) values (45,'happy','ChIJ4WW5pHIS5TQRyBnObD4wCho','지리멸렬한 일상','"머리도 식힐 겸.. 해외로 여행을 가는 게 어때?"

"혼자서 잘 갔다 올 수 있을지 자신 없어. 그냥 국내 여행 가볍게 다녀오는 게 낫지 않을까?"

"에이 그래도 모처럼 얻은 장기 휴가인데… 이럴 때 아니면 언제 해외여행을 가?"





오키나와 여행은 그렇게 속전속결로 진행됐다. "갈까? 그래 한 번 가자!" 거의 즉흥적으로 이뤄진 계획이라고 봐도 무방하다. 12월 16일 금요일 저녁에 오키나와 행을 결정,  그다음 날 토요일 새벽 3시에 항공권 예매까지 바로 마쳤다. 그다음 주로 넘기면 왠지 비행기 티켓팅 기회를 완전히 놓칠 것만 같아 눈을 부릅뜨고 비행편을 알아보느라 불타는 금요일을 소진했다.



여행일정은 2016년 12월 27일 화요일부터 2017년 1월 1일. 5박 6일 일정이었다. 출발일을 두고 고심하다가 화요일로 결정했다. 휴가 일수가 확정되지 않았던 터라 월~금, 주5일 휴가를 받기가 왠지 어려울 것만 같은 직감이 생겼는데, 역시나. 월요일 저녁까지 빡세게 기사 쓰다 화요일 오전에 인천공항으로 떠나는 일정으로 그 주 주말 내내 여행 루트를 조금씩 짜보기 시작했다. ',5,0,1,to_date('19/06/11','RR/MM/DD'),'011');
Insert into HELLOWORLD.REVIEW (REVIEW_NO,MEMBER_ID,PLACE_ID,REVIEW_TITLE,REVIEW_CONTENT,PLACE_RATING,LIKE_COUNT,READ_COUNT,REVIEW_DATE,CITY_CODE) values (46,'happy','ChIJxRvW16Ya5TQRubB2b8hH3Cw','오키나와에서 마주친 우치난츄','오키나와를 여행하는 동안 우치난츄를 계속해서 만날 수 있었다. 한번 우치난츄를 겪어 보고 나니 우치난츄가 계속 눈에 띄었다. 그럴 때마다 "우치난츄입니까?"라고 정중하게 물었다. 대부분 맞았다. 일본인에 비해 우치난츄는 눈썹이 짙고 눈이 크며 이목구비가 뚜렷하고 큼직했다. 남자들은 몸에 털이 많고 손에도 털이 있는 경우가 많다. 이렇게 말하면 다들 묻는다. 그래서 이쁘냐고? 한국인도 일본인도 예쁜 사람이 있고 예쁘지 않은 사람이 있는 것처럼 우치난츄도 그렇다. 하지만 대체로 일본 본토인보다 미남 미녀가 많은 걸로 정평이 나있다. 그래서 일본 연예계에는 오키나와 출신이 많다고 한다. 예를 들어 한국에서도 유명한 일본 가수인 아무로 나미에도 우치난츄이다.',3,0,0,to_date('19/06/11','RR/MM/DD'),'011');
Insert into HELLOWORLD.REVIEW (REVIEW_NO,MEMBER_ID,PLACE_ID,REVIEW_TITLE,REVIEW_CONTENT,PLACE_RATING,LIKE_COUNT,READ_COUNT,REVIEW_DATE,CITY_CODE) values (47,'happy','ChIJdydOdWgS5TQRr8LgWiJYDMA','돼지고기 요리','돼지고기는 오키나와 사람들이 가장 아끼고 좋아하는 식재료다. 샤브샤브는 물론 덩어리 채 잘라 기름기를 뺀 통삼겹살 조림, ‘라후테’와 우리나라 족발과 비슷한 ‘돈소쿠’는 한 번쯤 맛봐야 할 대표 향토 음식이다.',5,0,0,to_date('19/06/11','RR/MM/DD'),'011');
Insert into HELLOWORLD.REVIEW (REVIEW_NO,MEMBER_ID,PLACE_ID,REVIEW_TITLE,REVIEW_CONTENT,PLACE_RATING,LIKE_COUNT,READ_COUNT,REVIEW_DATE,CITY_CODE) values (48,'happy','ChIJUaRT6C8N5TQRje0zrDygkWk','시콰사 주스','오키나와에서 나오는 감귤류의 일종으로 유자나라임과 비슷한 산뜻한 향과 시큼한 맛이 특징인 시콰사를 넣은 주스다. 맛도 좋고 라임의 80배에 해당하는 노비레틴이라는 성분이 함유되어 있어 다이어트와 미용에 좋다.',4,0,1,to_date('19/06/11','RR/MM/DD'),'011');
Insert into HELLOWORLD.REVIEW (REVIEW_NO,MEMBER_ID,PLACE_ID,REVIEW_TITLE,REVIEW_CONTENT,PLACE_RATING,LIKE_COUNT,READ_COUNT,REVIEW_DATE,CITY_CODE) values (49,'happy','ChIJMdJgznoQ5TQR7jfRwP4C0o0','류큐 궁중 요리','류큐 왕국을 방문하는 칙사를 위해 왕부의 중심으로 전해 온 대접 음식이 지금의 류큐 궁중 요리가 되었다. 과거 주변국과 중국, 일본의 음식 영향을 받아 독특한 자신들만의 음식을 선보인 류큐 궁중 요리는 오랜 시간이 지난 지금도 고급 식당에서 귀한 손님에게 대접하는 코스 요리로 사랑받고 있다.',2,0,0,to_date('19/06/11','RR/MM/DD'),'011');
Insert into HELLOWORLD.REVIEW (REVIEW_NO,MEMBER_ID,PLACE_ID,REVIEW_TITLE,REVIEW_CONTENT,PLACE_RATING,LIKE_COUNT,READ_COUNT,REVIEW_DATE,CITY_CODE) values (50,'happy','ChIJhz-mwHMS5TQRzMYJd9oO8PQ','가정 요리 찬푸루','가정 요리 찬푸루 류큐 왕국에 궁중 요리가 있다면 국민들에게는 건강식으로 유명한 찬푸루 요리가 있다. 찬푸루는 ‘섞다’라는 의미의 오키나와 방언으로, 제철 채소를 중심으로 두부, 고야, 돼지고기 등 궁합이 맞는 재료를 넣어 볶은 가정식 볶음 요리다. 가장 인기 메뉴는 오키나와 특산품 고야를 넣은 고야 찬푸루. 독특한 고야 맛에 호불호가 갈리니 참고하자.',1,0,1,to_date('19/06/11','RR/MM/DD'),'011');
Insert into HELLOWORLD.REVIEW (REVIEW_NO,MEMBER_ID,PLACE_ID,REVIEW_TITLE,REVIEW_CONTENT,PLACE_RATING,LIKE_COUNT,READ_COUNT,REVIEW_DATE,CITY_CODE) values (51,'happy','ChIJE80qi4YT5TQRu16rcrslttI','이자카야 엔','오키나와 현지인 맛집으로 유명한 곳. 와규 숯불구이로 유명하다. 국제거리 뒤편에 위치해 있어 헤매기 쉽다. 이자카야답게 다양한 안주와 함께 청량감이 일품인 오리온 생맥주를 맛볼 수 있다. 

',4,0,0,to_date('19/06/11','RR/MM/DD'),'011');
Insert into HELLOWORLD.REVIEW (REVIEW_NO,MEMBER_ID,PLACE_ID,REVIEW_TITLE,REVIEW_CONTENT,PLACE_RATING,LIKE_COUNT,READ_COUNT,REVIEW_DATE,CITY_CODE) values (52,'happy','ChIJidJG4NZr5TQRT72tn2b7XzQ','이자카야 엔','오키나와 현지인 맛집으로 유명한 곳. 와규 숯불구이로 유명하다. 국제거리 뒤편에 위치해 있어 헤매기 쉽다. 이자카야답게 다양한 안주와 함께 청량감이 일품인 오리온 생맥주를 맛볼 수 있다. 


· 가격 : 모토부규 샤부샤부 4,980엔 / 모토부 소 숯불구이가 포함된 코스 메뉴 1인 4,000엔
· 위치 : 나하시 국제거리 근처',4,0,0,to_date('19/06/11','RR/MM/DD'),'011');
REM INSERTING into HELLOWORLD.REVIEW_COMMENT
SET DEFINE OFF;
REM INSERTING into HELLOWORLD.REVIEW_PHOTO
SET DEFINE OFF;
Insert into HELLOWORLD.REVIEW_PHOTO (PHOTO_NO,REVIEW_NO,PHOTO_LEVEL,ORIGINAL_PHOTO_NAME,RENAMDED_PHOTO_NAME) values (43,37,1,'20190611_225059.png','20190611_225528567_645.png');
Insert into HELLOWORLD.REVIEW_PHOTO (PHOTO_NO,REVIEW_NO,PHOTO_LEVEL,ORIGINAL_PHOTO_NAME,RENAMDED_PHOTO_NAME) values (44,37,0,'20190611_225422.png','20190611_225528592_659.png');
Insert into HELLOWORLD.REVIEW_PHOTO (PHOTO_NO,REVIEW_NO,PHOTO_LEVEL,ORIGINAL_PHOTO_NAME,RENAMDED_PHOTO_NAME) values (45,37,0,'20190611_225502.png','20190611_225528618_502.png');
Insert into HELLOWORLD.REVIEW_PHOTO (PHOTO_NO,REVIEW_NO,PHOTO_LEVEL,ORIGINAL_PHOTO_NAME,RENAMDED_PHOTO_NAME) values (53,43,1,'20190611_231835.png','20190611_232004123_381.png');
Insert into HELLOWORLD.REVIEW_PHOTO (PHOTO_NO,REVIEW_NO,PHOTO_LEVEL,ORIGINAL_PHOTO_NAME,RENAMDED_PHOTO_NAME) values (32,31,1,'20190611_214509.png','20190611_214712767_607.png');
Insert into HELLOWORLD.REVIEW_PHOTO (PHOTO_NO,REVIEW_NO,PHOTO_LEVEL,ORIGINAL_PHOTO_NAME,RENAMDED_PHOTO_NAME) values (29,29,1,'oki1.png','20190611_214112925_342.png');
Insert into HELLOWORLD.REVIEW_PHOTO (PHOTO_NO,REVIEW_NO,PHOTO_LEVEL,ORIGINAL_PHOTO_NAME,RENAMDED_PHOTO_NAME) values (33,31,0,'20190611_214521.png','20190611_214712777_353.png');
Insert into HELLOWORLD.REVIEW_PHOTO (PHOTO_NO,REVIEW_NO,PHOTO_LEVEL,ORIGINAL_PHOTO_NAME,RENAMDED_PHOTO_NAME) values (34,32,1,'20190611_215150.png','20190611_215211238_63.png');
Insert into HELLOWORLD.REVIEW_PHOTO (PHOTO_NO,REVIEW_NO,PHOTO_LEVEL,ORIGINAL_PHOTO_NAME,RENAMDED_PHOTO_NAME) values (30,29,0,'20190611_213427.png','20190611_214112941_931.png');
Insert into HELLOWORLD.REVIEW_PHOTO (PHOTO_NO,REVIEW_NO,PHOTO_LEVEL,ORIGINAL_PHOTO_NAME,RENAMDED_PHOTO_NAME) values (35,33,1,'20190611_215256.png','20190611_215310127_239.png');
Insert into HELLOWORLD.REVIEW_PHOTO (PHOTO_NO,REVIEW_NO,PHOTO_LEVEL,ORIGINAL_PHOTO_NAME,RENAMDED_PHOTO_NAME) values (36,34,1,'20190611_215459.png','20190611_215539940_300.png');
Insert into HELLOWORLD.REVIEW_PHOTO (PHOTO_NO,REVIEW_NO,PHOTO_LEVEL,ORIGINAL_PHOTO_NAME,RENAMDED_PHOTO_NAME) values (37,34,0,'20190611_215519.png','20190611_215539959_517.png');
Insert into HELLOWORLD.REVIEW_PHOTO (PHOTO_NO,REVIEW_NO,PHOTO_LEVEL,ORIGINAL_PHOTO_NAME,RENAMDED_PHOTO_NAME) values (38,34,0,'20190611_215532.png','20190611_215539982_129.png');
Insert into HELLOWORLD.REVIEW_PHOTO (PHOTO_NO,REVIEW_NO,PHOTO_LEVEL,ORIGINAL_PHOTO_NAME,RENAMDED_PHOTO_NAME) values (39,35,1,'20190611_215654.png','20190611_215803456_309.png');
Insert into HELLOWORLD.REVIEW_PHOTO (PHOTO_NO,REVIEW_NO,PHOTO_LEVEL,ORIGINAL_PHOTO_NAME,RENAMDED_PHOTO_NAME) values (40,35,0,'20190611_215729.png','20190611_215803468_34.png');
Insert into HELLOWORLD.REVIEW_PHOTO (PHOTO_NO,REVIEW_NO,PHOTO_LEVEL,ORIGINAL_PHOTO_NAME,RENAMDED_PHOTO_NAME) values (41,36,1,'20190611_220621.png','20190611_220637206_410.png');
Insert into HELLOWORLD.REVIEW_PHOTO (PHOTO_NO,REVIEW_NO,PHOTO_LEVEL,ORIGINAL_PHOTO_NAME,RENAMDED_PHOTO_NAME) values (42,36,0,'20190611_220613.png','20190611_220637212_970.png');
Insert into HELLOWORLD.REVIEW_PHOTO (PHOTO_NO,REVIEW_NO,PHOTO_LEVEL,ORIGINAL_PHOTO_NAME,RENAMDED_PHOTO_NAME) values (46,38,1,'20190611_225545.png','20190611_225706526_592.png');
Insert into HELLOWORLD.REVIEW_PHOTO (PHOTO_NO,REVIEW_NO,PHOTO_LEVEL,ORIGINAL_PHOTO_NAME,RENAMDED_PHOTO_NAME) values (47,38,0,'20190611_225628.png','20190611_225706546_145.png');
Insert into HELLOWORLD.REVIEW_PHOTO (PHOTO_NO,REVIEW_NO,PHOTO_LEVEL,ORIGINAL_PHOTO_NAME,RENAMDED_PHOTO_NAME) values (48,39,1,'20190611_225718.png','20190611_225810208_385.png');
Insert into HELLOWORLD.REVIEW_PHOTO (PHOTO_NO,REVIEW_NO,PHOTO_LEVEL,ORIGINAL_PHOTO_NAME,RENAMDED_PHOTO_NAME) values (49,39,0,'20190611_225751.png','20190611_225810221_959.png');
Insert into HELLOWORLD.REVIEW_PHOTO (PHOTO_NO,REVIEW_NO,PHOTO_LEVEL,ORIGINAL_PHOTO_NAME,RENAMDED_PHOTO_NAME) values (50,40,1,'20190611_230118.png','20190611_230142650_988.png');
Insert into HELLOWORLD.REVIEW_PHOTO (PHOTO_NO,REVIEW_NO,PHOTO_LEVEL,ORIGINAL_PHOTO_NAME,RENAMDED_PHOTO_NAME) values (51,41,1,'20190611_230719.png','20190611_230742993_89.png');
Insert into HELLOWORLD.REVIEW_PHOTO (PHOTO_NO,REVIEW_NO,PHOTO_LEVEL,ORIGINAL_PHOTO_NAME,RENAMDED_PHOTO_NAME) values (52,42,1,'20190611_231721.png','20190611_231822675_63.png');
Insert into HELLOWORLD.REVIEW_PHOTO (PHOTO_NO,REVIEW_NO,PHOTO_LEVEL,ORIGINAL_PHOTO_NAME,RENAMDED_PHOTO_NAME) values (55,45,1,'20190611_233348.png','20190611_233727494_227.png');
Insert into HELLOWORLD.REVIEW_PHOTO (PHOTO_NO,REVIEW_NO,PHOTO_LEVEL,ORIGINAL_PHOTO_NAME,RENAMDED_PHOTO_NAME) values (56,46,1,'20190611_233902.png','20190611_233920029_216.png');
Insert into HELLOWORLD.REVIEW_PHOTO (PHOTO_NO,REVIEW_NO,PHOTO_LEVEL,ORIGINAL_PHOTO_NAME,RENAMDED_PHOTO_NAME) values (57,47,1,'20190611_234004.png','20190611_234121413_970.png');
Insert into HELLOWORLD.REVIEW_PHOTO (PHOTO_NO,REVIEW_NO,PHOTO_LEVEL,ORIGINAL_PHOTO_NAME,RENAMDED_PHOTO_NAME) values (58,48,1,'20190611_234142.png','20190611_234234715_427.png');
Insert into HELLOWORLD.REVIEW_PHOTO (PHOTO_NO,REVIEW_NO,PHOTO_LEVEL,ORIGINAL_PHOTO_NAME,RENAMDED_PHOTO_NAME) values (59,49,1,'20190611_234417.png','20190611_234431896_645.png');
Insert into HELLOWORLD.REVIEW_PHOTO (PHOTO_NO,REVIEW_NO,PHOTO_LEVEL,ORIGINAL_PHOTO_NAME,RENAMDED_PHOTO_NAME) values (60,50,1,'20190611_234524.png','20190611_234539099_684.png');
Insert into HELLOWORLD.REVIEW_PHOTO (PHOTO_NO,REVIEW_NO,PHOTO_LEVEL,ORIGINAL_PHOTO_NAME,RENAMDED_PHOTO_NAME) values (61,51,1,'20190611_234555.png','20190611_234650244_321.png');
Insert into HELLOWORLD.REVIEW_PHOTO (PHOTO_NO,REVIEW_NO,PHOTO_LEVEL,ORIGINAL_PHOTO_NAME,RENAMDED_PHOTO_NAME) values (62,52,1,'20190611_234702.png','20190611_234736653_405.png');
REM INSERTING into HELLOWORLD.WISH_PLACE
SET DEFINE OFF;
--------------------------------------------------------
--  DDL for Index SYS_C007790
--------------------------------------------------------

  CREATE UNIQUE INDEX "HELLOWORLD"."SYS_C007790" ON "HELLOWORLD"."MEMBER" ("MEMBER_ID") 
  PCTFREE 10 INITRANS 2 MAXTRANS 255 COMPUTE STATISTICS 
  STORAGE(INITIAL 65536 NEXT 1048576 MINEXTENTS 1 MAXEXTENTS 2147483645
  PCTINCREASE 0 FREELISTS 1 FREELIST GROUPS 1 BUFFER_POOL DEFAULT FLASH_CACHE DEFAULT CELL_FLASH_CACHE DEFAULT)
  TABLESPACE "USERS" ;
--------------------------------------------------------
--  DDL for Index SYS_C007796
--------------------------------------------------------

  CREATE UNIQUE INDEX "HELLOWORLD"."SYS_C007796" ON "HELLOWORLD"."MEMBER_DEL" ("MEMBER_ID") 
  PCTFREE 10 INITRANS 2 MAXTRANS 255 COMPUTE STATISTICS 
  STORAGE(INITIAL 65536 NEXT 1048576 MINEXTENTS 1 MAXEXTENTS 2147483645
  PCTINCREASE 0 FREELISTS 1 FREELIST GROUPS 1 BUFFER_POOL DEFAULT FLASH_CACHE DEFAULT CELL_FLASH_CACHE DEFAULT)
  TABLESPACE "USERS" ;
--------------------------------------------------------
--  DDL for Index SYS_C007801
--------------------------------------------------------

  CREATE UNIQUE INDEX "HELLOWORLD"."SYS_C007801" ON "HELLOWORLD"."NATIONAL" ("NATIONAL_CODE") 
  PCTFREE 10 INITRANS 2 MAXTRANS 255 COMPUTE STATISTICS 
  STORAGE(INITIAL 65536 NEXT 1048576 MINEXTENTS 1 MAXEXTENTS 2147483645
  PCTINCREASE 0 FREELISTS 1 FREELIST GROUPS 1 BUFFER_POOL DEFAULT FLASH_CACHE DEFAULT CELL_FLASH_CACHE DEFAULT)
  TABLESPACE "USERS" ;
--------------------------------------------------------
--  DDL for Index SYS_C007802
--------------------------------------------------------

  CREATE UNIQUE INDEX "HELLOWORLD"."SYS_C007802" ON "HELLOWORLD"."NATIONAL_INFO" ("NATIONAL_CODE") 
  PCTFREE 10 INITRANS 2 MAXTRANS 255 COMPUTE STATISTICS 
  STORAGE(INITIAL 65536 NEXT 1048576 MINEXTENTS 1 MAXEXTENTS 2147483645
  PCTINCREASE 0 FREELISTS 1 FREELIST GROUPS 1 BUFFER_POOL DEFAULT FLASH_CACHE DEFAULT CELL_FLASH_CACHE DEFAULT)
  TABLESPACE "USERS" ;
--------------------------------------------------------
--  DDL for Index SYS_C007806
--------------------------------------------------------

  CREATE UNIQUE INDEX "HELLOWORLD"."SYS_C007806" ON "HELLOWORLD"."CITY" ("CITY_CODE_1") 
  PCTFREE 10 INITRANS 2 MAXTRANS 255 COMPUTE STATISTICS 
  STORAGE(INITIAL 65536 NEXT 1048576 MINEXTENTS 1 MAXEXTENTS 2147483645
  PCTINCREASE 0 FREELISTS 1 FREELIST GROUPS 1 BUFFER_POOL DEFAULT FLASH_CACHE DEFAULT CELL_FLASH_CACHE DEFAULT)
  TABLESPACE "USERS" ;
--------------------------------------------------------
--  DDL for Index SYS_C007812
--------------------------------------------------------

  CREATE UNIQUE INDEX "HELLOWORLD"."SYS_C007812" ON "HELLOWORLD"."PLACE_CODE" ("PLACE_CODE") 
  PCTFREE 10 INITRANS 2 MAXTRANS 255 COMPUTE STATISTICS 
  STORAGE(INITIAL 65536 NEXT 1048576 MINEXTENTS 1 MAXEXTENTS 2147483645
  PCTINCREASE 0 FREELISTS 1 FREELIST GROUPS 1 BUFFER_POOL DEFAULT FLASH_CACHE DEFAULT CELL_FLASH_CACHE DEFAULT)
  TABLESPACE "USERS" ;
--------------------------------------------------------
--  DDL for Index SYS_C007817
--------------------------------------------------------

  CREATE UNIQUE INDEX "HELLOWORLD"."SYS_C007817" ON "HELLOWORLD"."PLACE" ("PLACE_ID") 
  PCTFREE 10 INITRANS 2 MAXTRANS 255 COMPUTE STATISTICS 
  STORAGE(INITIAL 65536 NEXT 1048576 MINEXTENTS 1 MAXEXTENTS 2147483645
  PCTINCREASE 0 FREELISTS 1 FREELIST GROUPS 1 BUFFER_POOL DEFAULT FLASH_CACHE DEFAULT CELL_FLASH_CACHE DEFAULT)
  TABLESPACE "USERS" ;
--------------------------------------------------------
--  DDL for Index SYS_C007827
--------------------------------------------------------

  CREATE UNIQUE INDEX "HELLOWORLD"."SYS_C007827" ON "HELLOWORLD"."PLAN" ("PLAN_NO") 
  PCTFREE 10 INITRANS 2 MAXTRANS 255 COMPUTE STATISTICS 
  STORAGE(INITIAL 65536 NEXT 1048576 MINEXTENTS 1 MAXEXTENTS 2147483645
  PCTINCREASE 0 FREELISTS 1 FREELIST GROUPS 1 BUFFER_POOL DEFAULT FLASH_CACHE DEFAULT CELL_FLASH_CACHE DEFAULT)
  TABLESPACE "USERS" ;
--------------------------------------------------------
--  DDL for Index SYS_C007835
--------------------------------------------------------

  CREATE UNIQUE INDEX "HELLOWORLD"."SYS_C007835" ON "HELLOWORLD"."PLACE_LIST" ("PLACE_LIST_NO") 
  PCTFREE 10 INITRANS 2 MAXTRANS 255 COMPUTE STATISTICS 
  STORAGE(INITIAL 65536 NEXT 1048576 MINEXTENTS 1 MAXEXTENTS 2147483645
  PCTINCREASE 0 FREELISTS 1 FREELIST GROUPS 1 BUFFER_POOL DEFAULT FLASH_CACHE DEFAULT CELL_FLASH_CACHE DEFAULT)
  TABLESPACE "USERS" ;
--------------------------------------------------------
--  DDL for Index SYS_C007841
--------------------------------------------------------

  CREATE UNIQUE INDEX "HELLOWORLD"."SYS_C007841" ON "HELLOWORLD"."REVIEW" ("REVIEW_NO") 
  PCTFREE 10 INITRANS 2 MAXTRANS 255 COMPUTE STATISTICS 
  STORAGE(INITIAL 65536 NEXT 1048576 MINEXTENTS 1 MAXEXTENTS 2147483645
  PCTINCREASE 0 FREELISTS 1 FREELIST GROUPS 1 BUFFER_POOL DEFAULT FLASH_CACHE DEFAULT CELL_FLASH_CACHE DEFAULT)
  TABLESPACE "USERS" ;
--------------------------------------------------------
--  DDL for Index SYS_C007843
--------------------------------------------------------

  CREATE UNIQUE INDEX "HELLOWORLD"."SYS_C007843" ON "HELLOWORLD"."REVIEW_COMMENT" ("REVIEW_COMMENT_NO") 
  PCTFREE 10 INITRANS 2 MAXTRANS 255 COMPUTE STATISTICS 
  STORAGE(INITIAL 65536 NEXT 1048576 MINEXTENTS 1 MAXEXTENTS 2147483645
  PCTINCREASE 0 FREELISTS 1 FREELIST GROUPS 1 BUFFER_POOL DEFAULT FLASH_CACHE DEFAULT CELL_FLASH_CACHE DEFAULT)
  TABLESPACE "USERS" ;
--------------------------------------------------------
--  DDL for Index SYS_C007850
--------------------------------------------------------

  CREATE UNIQUE INDEX "HELLOWORLD"."SYS_C007850" ON "HELLOWORLD"."REVIEW_PHOTO" ("PHOTO_NO") 
  PCTFREE 10 INITRANS 2 MAXTRANS 255 COMPUTE STATISTICS 
  STORAGE(INITIAL 65536 NEXT 1048576 MINEXTENTS 1 MAXEXTENTS 2147483645
  PCTINCREASE 0 FREELISTS 1 FREELIST GROUPS 1 BUFFER_POOL DEFAULT FLASH_CACHE DEFAULT CELL_FLASH_CACHE DEFAULT)
  TABLESPACE "USERS" ;
--------------------------------------------------------
--  DDL for Index SYS_C007855
--------------------------------------------------------

  CREATE UNIQUE INDEX "HELLOWORLD"."SYS_C007855" ON "HELLOWORLD"."QUESTION_BOARD" ("QUESTION_NO") 
  PCTFREE 10 INITRANS 2 MAXTRANS 255 COMPUTE STATISTICS 
  STORAGE(INITIAL 65536 NEXT 1048576 MINEXTENTS 1 MAXEXTENTS 2147483645
  PCTINCREASE 0 FREELISTS 1 FREELIST GROUPS 1 BUFFER_POOL DEFAULT FLASH_CACHE DEFAULT CELL_FLASH_CACHE DEFAULT)
  TABLESPACE "USERS" ;
--------------------------------------------------------
--  DDL for Index SYS_C007857
--------------------------------------------------------

  CREATE UNIQUE INDEX "HELLOWORLD"."SYS_C007857" ON "HELLOWORLD"."QUESTION_COMMENT" ("QUESTION_COMMENT_NO") 
  PCTFREE 10 INITRANS 2 MAXTRANS 255 COMPUTE STATISTICS 
  STORAGE(INITIAL 65536 NEXT 1048576 MINEXTENTS 1 MAXEXTENTS 2147483645
  PCTINCREASE 0 FREELISTS 1 FREELIST GROUPS 1 BUFFER_POOL DEFAULT FLASH_CACHE DEFAULT CELL_FLASH_CACHE DEFAULT)
  TABLESPACE "USERS" ;
--------------------------------------------------------
--  DDL for Index SYS_C007861
--------------------------------------------------------

  CREATE UNIQUE INDEX "HELLOWORLD"."SYS_C007861" ON "HELLOWORLD"."NOTICE" ("NOTICE_NO") 
  PCTFREE 10 INITRANS 2 MAXTRANS 255 COMPUTE STATISTICS 
  STORAGE(INITIAL 65536 NEXT 1048576 MINEXTENTS 1 MAXEXTENTS 2147483645
  PCTINCREASE 0 FREELISTS 1 FREELIST GROUPS 1 BUFFER_POOL DEFAULT FLASH_CACHE DEFAULT CELL_FLASH_CACHE DEFAULT)
  TABLESPACE "USERS" ;
--------------------------------------------------------
--  DDL for Index SYS_C007864
--------------------------------------------------------

  CREATE UNIQUE INDEX "HELLOWORLD"."SYS_C007864" ON "HELLOWORLD"."EVENT" ("EVENT_NO") 
  PCTFREE 10 INITRANS 2 MAXTRANS 255 COMPUTE STATISTICS 
  STORAGE(INITIAL 65536 NEXT 1048576 MINEXTENTS 1 MAXEXTENTS 2147483645
  PCTINCREASE 0 FREELISTS 1 FREELIST GROUPS 1 BUFFER_POOL DEFAULT FLASH_CACHE DEFAULT CELL_FLASH_CACHE DEFAULT)
  TABLESPACE "USERS" ;
--------------------------------------------------------
--  DDL for Trigger TRIG_DEL
--------------------------------------------------------

  CREATE OR REPLACE TRIGGER "HELLOWORLD"."TRIG_DEL" 
        before
        delete on member
        for each row
begin
        insert into member_del
        values(:old.member_id, :old.member_name, :old.password, :old.phone, :old.gender,
                :old.birthday, :old.member_like, :old.joindate, default, default);
end;

/
ALTER TRIGGER "HELLOWORLD"."TRIG_DEL" ENABLE;
--------------------------------------------------------
--  Constraints for Table CITY
--------------------------------------------------------

  ALTER TABLE "HELLOWORLD"."CITY" ADD PRIMARY KEY ("CITY_CODE_1")
  USING INDEX PCTFREE 10 INITRANS 2 MAXTRANS 255 COMPUTE STATISTICS 
  STORAGE(INITIAL 65536 NEXT 1048576 MINEXTENTS 1 MAXEXTENTS 2147483645
  PCTINCREASE 0 FREELISTS 1 FREELIST GROUPS 1 BUFFER_POOL DEFAULT FLASH_CACHE DEFAULT CELL_FLASH_CACHE DEFAULT)
  TABLESPACE "USERS"  ENABLE;
  ALTER TABLE "HELLOWORLD"."CITY" MODIFY ("CITY_NAME" NOT NULL ENABLE);
  ALTER TABLE "HELLOWORLD"."CITY" MODIFY ("NATIONAL_CODE" NOT NULL ENABLE);
--------------------------------------------------------
--  Constraints for Table CITY_IMG
--------------------------------------------------------

  ALTER TABLE "HELLOWORLD"."CITY_IMG" MODIFY ("CITY_IMG" NOT NULL ENABLE);
  ALTER TABLE "HELLOWORLD"."CITY_IMG" MODIFY ("CITY_CODE_1" NOT NULL ENABLE);
--------------------------------------------------------
--  Constraints for Table CONN_STAT
--------------------------------------------------------

  ALTER TABLE "HELLOWORLD"."CONN_STAT" MODIFY ("JSESSION_ID" NOT NULL ENABLE);
--------------------------------------------------------
--  Constraints for Table EVENT
--------------------------------------------------------

  ALTER TABLE "HELLOWORLD"."EVENT" ADD PRIMARY KEY ("EVENT_NO")
  USING INDEX PCTFREE 10 INITRANS 2 MAXTRANS 255 COMPUTE STATISTICS 
  STORAGE(INITIAL 65536 NEXT 1048576 MINEXTENTS 1 MAXEXTENTS 2147483645
  PCTINCREASE 0 FREELISTS 1 FREELIST GROUPS 1 BUFFER_POOL DEFAULT FLASH_CACHE DEFAULT CELL_FLASH_CACHE DEFAULT)
  TABLESPACE "USERS"  ENABLE;
  ALTER TABLE "HELLOWORLD"."EVENT" MODIFY ("EVENT_CONTENT" NOT NULL ENABLE);
  ALTER TABLE "HELLOWORLD"."EVENT" MODIFY ("EVENT_TITLE" NOT NULL ENABLE);
--------------------------------------------------------
--  Constraints for Table MEMBER
--------------------------------------------------------

  ALTER TABLE "HELLOWORLD"."MEMBER" ADD PRIMARY KEY ("MEMBER_ID")
  USING INDEX PCTFREE 10 INITRANS 2 MAXTRANS 255 COMPUTE STATISTICS 
  STORAGE(INITIAL 65536 NEXT 1048576 MINEXTENTS 1 MAXEXTENTS 2147483645
  PCTINCREASE 0 FREELISTS 1 FREELIST GROUPS 1 BUFFER_POOL DEFAULT FLASH_CACHE DEFAULT CELL_FLASH_CACHE DEFAULT)
  TABLESPACE "USERS"  ENABLE;
  ALTER TABLE "HELLOWORLD"."MEMBER" MODIFY ("PASSWORD_ANSWER" NOT NULL ENABLE);
  ALTER TABLE "HELLOWORLD"."MEMBER" MODIFY ("PASSWORD_CHECK" NOT NULL ENABLE);
  ALTER TABLE "HELLOWORLD"."MEMBER" MODIFY ("BIRTHDAY" NOT NULL ENABLE);
  ALTER TABLE "HELLOWORLD"."MEMBER" MODIFY ("GENDER" NOT NULL ENABLE);
  ALTER TABLE "HELLOWORLD"."MEMBER" MODIFY ("PHONE" NOT NULL ENABLE);
  ALTER TABLE "HELLOWORLD"."MEMBER" MODIFY ("PASSWORD" NOT NULL ENABLE);
  ALTER TABLE "HELLOWORLD"."MEMBER" MODIFY ("MEMBER_NAME" NOT NULL ENABLE);
--------------------------------------------------------
--  Constraints for Table MEMBER_DEL
--------------------------------------------------------

  ALTER TABLE "HELLOWORLD"."MEMBER_DEL" ADD PRIMARY KEY ("MEMBER_ID")
  USING INDEX PCTFREE 10 INITRANS 2 MAXTRANS 255 COMPUTE STATISTICS 
  STORAGE(INITIAL 65536 NEXT 1048576 MINEXTENTS 1 MAXEXTENTS 2147483645
  PCTINCREASE 0 FREELISTS 1 FREELIST GROUPS 1 BUFFER_POOL DEFAULT FLASH_CACHE DEFAULT CELL_FLASH_CACHE DEFAULT)
  TABLESPACE "USERS"  ENABLE;
  ALTER TABLE "HELLOWORLD"."MEMBER_DEL" MODIFY ("BIRTHDAY" NOT NULL ENABLE);
  ALTER TABLE "HELLOWORLD"."MEMBER_DEL" MODIFY ("GENDER" NOT NULL ENABLE);
  ALTER TABLE "HELLOWORLD"."MEMBER_DEL" MODIFY ("PHONE" NOT NULL ENABLE);
  ALTER TABLE "HELLOWORLD"."MEMBER_DEL" MODIFY ("PASSWORD" NOT NULL ENABLE);
  ALTER TABLE "HELLOWORLD"."MEMBER_DEL" MODIFY ("MEMBER_NAME" NOT NULL ENABLE);
--------------------------------------------------------
--  Constraints for Table NATIONAL
--------------------------------------------------------

  ALTER TABLE "HELLOWORLD"."NATIONAL" ADD PRIMARY KEY ("NATIONAL_CODE")
  USING INDEX PCTFREE 10 INITRANS 2 MAXTRANS 255 COMPUTE STATISTICS 
  STORAGE(INITIAL 65536 NEXT 1048576 MINEXTENTS 1 MAXEXTENTS 2147483645
  PCTINCREASE 0 FREELISTS 1 FREELIST GROUPS 1 BUFFER_POOL DEFAULT FLASH_CACHE DEFAULT CELL_FLASH_CACHE DEFAULT)
  TABLESPACE "USERS"  ENABLE;
  ALTER TABLE "HELLOWORLD"."NATIONAL" MODIFY ("ALPHA3_CODE" NOT NULL ENABLE);
  ALTER TABLE "HELLOWORLD"."NATIONAL" MODIFY ("ALPHA2_CODE" NOT NULL ENABLE);
  ALTER TABLE "HELLOWORLD"."NATIONAL" MODIFY ("ENG_NATIONAL_NAME" NOT NULL ENABLE);
  ALTER TABLE "HELLOWORLD"."NATIONAL" MODIFY ("KOR_NATIONAL_NAME" NOT NULL ENABLE);
--------------------------------------------------------
--  Constraints for Table NATIONAL_INFO
--------------------------------------------------------

  ALTER TABLE "HELLOWORLD"."NATIONAL_INFO" ADD PRIMARY KEY ("NATIONAL_CODE")
  USING INDEX PCTFREE 10 INITRANS 2 MAXTRANS 255 COMPUTE STATISTICS 
  STORAGE(INITIAL 65536 NEXT 1048576 MINEXTENTS 1 MAXEXTENTS 2147483645
  PCTINCREASE 0 FREELISTS 1 FREELIST GROUPS 1 BUFFER_POOL DEFAULT FLASH_CACHE DEFAULT CELL_FLASH_CACHE DEFAULT)
  TABLESPACE "USERS"  ENABLE;
--------------------------------------------------------
--  Constraints for Table NOTICE
--------------------------------------------------------

  ALTER TABLE "HELLOWORLD"."NOTICE" ADD PRIMARY KEY ("NOTICE_NO")
  USING INDEX PCTFREE 10 INITRANS 2 MAXTRANS 255 COMPUTE STATISTICS 
  STORAGE(INITIAL 65536 NEXT 1048576 MINEXTENTS 1 MAXEXTENTS 2147483645
  PCTINCREASE 0 FREELISTS 1 FREELIST GROUPS 1 BUFFER_POOL DEFAULT FLASH_CACHE DEFAULT CELL_FLASH_CACHE DEFAULT)
  TABLESPACE "USERS"  ENABLE;
  ALTER TABLE "HELLOWORLD"."NOTICE" MODIFY ("NOTICE_CONTENT" NOT NULL ENABLE);
  ALTER TABLE "HELLOWORLD"."NOTICE" MODIFY ("NOTICE_TITLE" NOT NULL ENABLE);
--------------------------------------------------------
--  Constraints for Table PLACE
--------------------------------------------------------

  ALTER TABLE "HELLOWORLD"."PLACE" ADD PRIMARY KEY ("PLACE_ID")
  USING INDEX PCTFREE 10 INITRANS 2 MAXTRANS 255 COMPUTE STATISTICS 
  STORAGE(INITIAL 65536 NEXT 1048576 MINEXTENTS 1 MAXEXTENTS 2147483645
  PCTINCREASE 0 FREELISTS 1 FREELIST GROUPS 1 BUFFER_POOL DEFAULT FLASH_CACHE DEFAULT CELL_FLASH_CACHE DEFAULT)
  TABLESPACE "USERS"  ENABLE;
  ALTER TABLE "HELLOWORLD"."PLACE" MODIFY ("PLACE_Y" NOT NULL ENABLE);
  ALTER TABLE "HELLOWORLD"."PLACE" MODIFY ("PLACE_X" NOT NULL ENABLE);
  ALTER TABLE "HELLOWORLD"."PLACE" MODIFY ("PLACE_NAME" NOT NULL ENABLE);
  ALTER TABLE "HELLOWORLD"."PLACE" MODIFY ("PLACE_CODE" NOT NULL ENABLE);
--------------------------------------------------------
--  Constraints for Table PLACE_CODE
--------------------------------------------------------

  ALTER TABLE "HELLOWORLD"."PLACE_CODE" ADD PRIMARY KEY ("PLACE_CODE")
  USING INDEX PCTFREE 10 INITRANS 2 MAXTRANS 255 COMPUTE STATISTICS 
  STORAGE(INITIAL 65536 NEXT 1048576 MINEXTENTS 1 MAXEXTENTS 2147483645
  PCTINCREASE 0 FREELISTS 1 FREELIST GROUPS 1 BUFFER_POOL DEFAULT FLASH_CACHE DEFAULT CELL_FLASH_CACHE DEFAULT)
  TABLESPACE "USERS"  ENABLE;
  ALTER TABLE "HELLOWORLD"."PLACE_CODE" MODIFY ("PLACE_KIND" NOT NULL ENABLE);
--------------------------------------------------------
--  Constraints for Table PLACE_LIST
--------------------------------------------------------

  ALTER TABLE "HELLOWORLD"."PLACE_LIST" ADD PRIMARY KEY ("PLACE_LIST_NO")
  USING INDEX PCTFREE 10 INITRANS 2 MAXTRANS 255 COMPUTE STATISTICS 
  STORAGE(INITIAL 65536 NEXT 1048576 MINEXTENTS 1 MAXEXTENTS 2147483645
  PCTINCREASE 0 FREELISTS 1 FREELIST GROUPS 1 BUFFER_POOL DEFAULT FLASH_CACHE DEFAULT CELL_FLASH_CACHE DEFAULT)
  TABLESPACE "USERS"  ENABLE;
  ALTER TABLE "HELLOWORLD"."PLACE_LIST" MODIFY ("PLACE_LIST_LEVEL" NOT NULL ENABLE);
  ALTER TABLE "HELLOWORLD"."PLACE_LIST" MODIFY ("PLACE_Y" NOT NULL ENABLE);
  ALTER TABLE "HELLOWORLD"."PLACE_LIST" MODIFY ("PLACE_X" NOT NULL ENABLE);
  ALTER TABLE "HELLOWORLD"."PLACE_LIST" MODIFY ("PLACE_NAME" NOT NULL ENABLE);
  ALTER TABLE "HELLOWORLD"."PLACE_LIST" MODIFY ("DAY" NOT NULL ENABLE);
  ALTER TABLE "HELLOWORLD"."PLACE_LIST" MODIFY ("PLAN_NO" NOT NULL ENABLE);
--------------------------------------------------------
--  Constraints for Table PLAN
--------------------------------------------------------

  ALTER TABLE "HELLOWORLD"."PLAN" ADD PRIMARY KEY ("PLAN_NO")
  USING INDEX PCTFREE 10 INITRANS 2 MAXTRANS 255 COMPUTE STATISTICS 
  STORAGE(INITIAL 65536 NEXT 1048576 MINEXTENTS 1 MAXEXTENTS 2147483645
  PCTINCREASE 0 FREELISTS 1 FREELIST GROUPS 1 BUFFER_POOL DEFAULT FLASH_CACHE DEFAULT CELL_FLASH_CACHE DEFAULT)
  TABLESPACE "USERS"  ENABLE;
  ALTER TABLE "HELLOWORLD"."PLAN" MODIFY ("END_DATE" NOT NULL ENABLE);
  ALTER TABLE "HELLOWORLD"."PLAN" MODIFY ("START_DATE" NOT NULL ENABLE);
  ALTER TABLE "HELLOWORLD"."PLAN" MODIFY ("PLAN_TITLE" NOT NULL ENABLE);
  ALTER TABLE "HELLOWORLD"."PLAN" MODIFY ("MEMBER_ID" NOT NULL ENABLE);
--------------------------------------------------------
--  Constraints for Table QUESTION_BOARD
--------------------------------------------------------

  ALTER TABLE "HELLOWORLD"."QUESTION_BOARD" ADD PRIMARY KEY ("QUESTION_NO")
  USING INDEX PCTFREE 10 INITRANS 2 MAXTRANS 255 COMPUTE STATISTICS 
  STORAGE(INITIAL 65536 NEXT 1048576 MINEXTENTS 1 MAXEXTENTS 2147483645
  PCTINCREASE 0 FREELISTS 1 FREELIST GROUPS 1 BUFFER_POOL DEFAULT FLASH_CACHE DEFAULT CELL_FLASH_CACHE DEFAULT)
  TABLESPACE "USERS"  ENABLE;
  ALTER TABLE "HELLOWORLD"."QUESTION_BOARD" MODIFY ("QUESTION_CONTENT" NOT NULL ENABLE);
  ALTER TABLE "HELLOWORLD"."QUESTION_BOARD" MODIFY ("QUESTION_TITLE" NOT NULL ENABLE);
  ALTER TABLE "HELLOWORLD"."QUESTION_BOARD" MODIFY ("QUESTION_WRITER" NOT NULL ENABLE);
--------------------------------------------------------
--  Constraints for Table QUESTION_COMMENT
--------------------------------------------------------

  ALTER TABLE "HELLOWORLD"."QUESTION_COMMENT" ADD PRIMARY KEY ("QUESTION_COMMENT_NO")
  USING INDEX PCTFREE 10 INITRANS 2 MAXTRANS 255 COMPUTE STATISTICS 
  STORAGE(INITIAL 65536 NEXT 1048576 MINEXTENTS 1 MAXEXTENTS 2147483645
  PCTINCREASE 0 FREELISTS 1 FREELIST GROUPS 1 BUFFER_POOL DEFAULT FLASH_CACHE DEFAULT CELL_FLASH_CACHE DEFAULT)
  TABLESPACE "USERS"  ENABLE;
--------------------------------------------------------
--  Constraints for Table REVIEW
--------------------------------------------------------

  ALTER TABLE "HELLOWORLD"."REVIEW" ADD PRIMARY KEY ("REVIEW_NO")
  USING INDEX PCTFREE 10 INITRANS 2 MAXTRANS 255 COMPUTE STATISTICS 
  STORAGE(INITIAL 65536 NEXT 1048576 MINEXTENTS 1 MAXEXTENTS 2147483645
  PCTINCREASE 0 FREELISTS 1 FREELIST GROUPS 1 BUFFER_POOL DEFAULT FLASH_CACHE DEFAULT CELL_FLASH_CACHE DEFAULT)
  TABLESPACE "USERS"  ENABLE;
  ALTER TABLE "HELLOWORLD"."REVIEW" MODIFY ("REVIEW_CONTENT" NOT NULL ENABLE);
  ALTER TABLE "HELLOWORLD"."REVIEW" MODIFY ("REVIEW_TITLE" NOT NULL ENABLE);
  ALTER TABLE "HELLOWORLD"."REVIEW" MODIFY ("PLACE_ID" NOT NULL ENABLE);
  ALTER TABLE "HELLOWORLD"."REVIEW" MODIFY ("MEMBER_ID" NOT NULL ENABLE);
--------------------------------------------------------
--  Constraints for Table REVIEW_COMMENT
--------------------------------------------------------

  ALTER TABLE "HELLOWORLD"."REVIEW_COMMENT" ADD PRIMARY KEY ("REVIEW_COMMENT_NO")
  USING INDEX PCTFREE 10 INITRANS 2 MAXTRANS 255 COMPUTE STATISTICS 
  STORAGE(INITIAL 65536 NEXT 1048576 MINEXTENTS 1 MAXEXTENTS 2147483645
  PCTINCREASE 0 FREELISTS 1 FREELIST GROUPS 1 BUFFER_POOL DEFAULT FLASH_CACHE DEFAULT CELL_FLASH_CACHE DEFAULT)
  TABLESPACE "USERS"  ENABLE;
--------------------------------------------------------
--  Constraints for Table REVIEW_PHOTO
--------------------------------------------------------

  ALTER TABLE "HELLOWORLD"."REVIEW_PHOTO" ADD PRIMARY KEY ("PHOTO_NO")
  USING INDEX PCTFREE 10 INITRANS 2 MAXTRANS 255 COMPUTE STATISTICS 
  STORAGE(INITIAL 65536 NEXT 1048576 MINEXTENTS 1 MAXEXTENTS 2147483645
  PCTINCREASE 0 FREELISTS 1 FREELIST GROUPS 1 BUFFER_POOL DEFAULT FLASH_CACHE DEFAULT CELL_FLASH_CACHE DEFAULT)
  TABLESPACE "USERS"  ENABLE;
  ALTER TABLE "HELLOWORLD"."REVIEW_PHOTO" MODIFY ("RENAMDED_PHOTO_NAME" NOT NULL ENABLE);
  ALTER TABLE "HELLOWORLD"."REVIEW_PHOTO" MODIFY ("ORIGINAL_PHOTO_NAME" NOT NULL ENABLE);
  ALTER TABLE "HELLOWORLD"."REVIEW_PHOTO" MODIFY ("REVIEW_NO" NOT NULL ENABLE);
--------------------------------------------------------
--  Constraints for Table WISH_PLACE
--------------------------------------------------------

  ALTER TABLE "HELLOWORLD"."WISH_PLACE" MODIFY ("PLACE_Y" NOT NULL ENABLE);
  ALTER TABLE "HELLOWORLD"."WISH_PLACE" MODIFY ("PLACE_X" NOT NULL ENABLE);
--------------------------------------------------------
--  Ref Constraints for Table CHAT_LIST
--------------------------------------------------------

  ALTER TABLE "HELLOWORLD"."CHAT_LIST" ADD CONSTRAINT "KF_CHAT_LIST_RECIVER" FOREIGN KEY ("RECIVER")
	  REFERENCES "HELLOWORLD"."MEMBER" ("MEMBER_ID") ON DELETE CASCADE ENABLE;
  ALTER TABLE "HELLOWORLD"."CHAT_LIST" ADD CONSTRAINT "KF_CHAT_LIST_SENDER" FOREIGN KEY ("SENDER")
	  REFERENCES "HELLOWORLD"."MEMBER" ("MEMBER_ID") ENABLE;
--------------------------------------------------------
--  Ref Constraints for Table CITY
--------------------------------------------------------

  ALTER TABLE "HELLOWORLD"."CITY" ADD CONSTRAINT "FK_NATIONAL_CODE" FOREIGN KEY ("NATIONAL_CODE")
	  REFERENCES "HELLOWORLD"."NATIONAL" ("NATIONAL_CODE") ON DELETE CASCADE ENABLE;
--------------------------------------------------------
--  Ref Constraints for Table CITY_IMG
--------------------------------------------------------

  ALTER TABLE "HELLOWORLD"."CITY_IMG" ADD CONSTRAINT "FK_CITY_CODE_CITY_IMG" FOREIGN KEY ("CITY_CODE_1")
	  REFERENCES "HELLOWORLD"."CITY" ("CITY_CODE_1") ON DELETE CASCADE ENABLE;
--------------------------------------------------------
--  Ref Constraints for Table EVENT_PHOTO
--------------------------------------------------------

  ALTER TABLE "HELLOWORLD"."EVENT_PHOTO" ADD CONSTRAINT "FK_EVENT_PHOTO" FOREIGN KEY ("EVENT_NO")
	  REFERENCES "HELLOWORLD"."EVENT" ("EVENT_NO") ON DELETE CASCADE ENABLE;
--------------------------------------------------------
--  Ref Constraints for Table NATIONAL_INFO
--------------------------------------------------------

  ALTER TABLE "HELLOWORLD"."NATIONAL_INFO" ADD CONSTRAINT "FK_NATIONAL_CODE_NATIONAL_INFO" FOREIGN KEY ("NATIONAL_CODE")
	  REFERENCES "HELLOWORLD"."NATIONAL" ("NATIONAL_CODE") ON DELETE CASCADE ENABLE;
--------------------------------------------------------
--  Ref Constraints for Table PLACE
--------------------------------------------------------

  ALTER TABLE "HELLOWORLD"."PLACE" ADD CONSTRAINT "FK_PLACE_CODE" FOREIGN KEY ("PLACE_CODE")
	  REFERENCES "HELLOWORLD"."PLACE_CODE" ("PLACE_CODE") ON DELETE CASCADE ENABLE;
--------------------------------------------------------
--  Ref Constraints for Table PLACE_LIST
--------------------------------------------------------

  ALTER TABLE "HELLOWORLD"."PLACE_LIST" ADD CONSTRAINT "FK_PLAN_NO_PLACE_LIST" FOREIGN KEY ("PLAN_NO")
	  REFERENCES "HELLOWORLD"."PLAN" ("PLAN_NO") ON DELETE CASCADE ENABLE;
--------------------------------------------------------
--  Ref Constraints for Table PLAN
--------------------------------------------------------

  ALTER TABLE "HELLOWORLD"."PLAN" ADD CONSTRAINT "FK_MEMBER_ID_PLAN" FOREIGN KEY ("MEMBER_ID")
	  REFERENCES "HELLOWORLD"."MEMBER" ("MEMBER_ID") ON DELETE SET NULL ENABLE;
--------------------------------------------------------
--  Ref Constraints for Table QUESTION_BOARD
--------------------------------------------------------

  ALTER TABLE "HELLOWORLD"."QUESTION_BOARD" ADD CONSTRAINT "FK_QUESTION_WRITER" FOREIGN KEY ("QUESTION_WRITER")
	  REFERENCES "HELLOWORLD"."MEMBER" ("MEMBER_ID") ON DELETE SET NULL ENABLE;
--------------------------------------------------------
--  Ref Constraints for Table QUESTION_COMMENT
--------------------------------------------------------

  ALTER TABLE "HELLOWORLD"."QUESTION_COMMENT" ADD CONSTRAINT "FK_QUESTION_REF" FOREIGN KEY ("QUESTION_REF")
	  REFERENCES "HELLOWORLD"."QUESTION_BOARD" ("QUESTION_NO") ON DELETE CASCADE ENABLE;
--------------------------------------------------------
--  Ref Constraints for Table REVIEW
--------------------------------------------------------

  ALTER TABLE "HELLOWORLD"."REVIEW" ADD CONSTRAINT "FK_MEMBER_ID_REVIEW" FOREIGN KEY ("MEMBER_ID")
	  REFERENCES "HELLOWORLD"."MEMBER" ("MEMBER_ID") ON DELETE SET NULL ENABLE;
--------------------------------------------------------
--  Ref Constraints for Table REVIEW_COMMENT
--------------------------------------------------------

  ALTER TABLE "HELLOWORLD"."REVIEW_COMMENT" ADD CONSTRAINT "FK_REVIEW_COMMENT_REF" FOREIGN KEY ("REVIEW_COMMENT_REF")
	  REFERENCES "HELLOWORLD"."REVIEW_COMMENT" ("REVIEW_COMMENT_NO") ON DELETE CASCADE ENABLE;
  ALTER TABLE "HELLOWORLD"."REVIEW_COMMENT" ADD CONSTRAINT "FK_REVIEW_COMMENT_WRITER" FOREIGN KEY ("REVIEW_COMMENT_WRITER")
	  REFERENCES "HELLOWORLD"."MEMBER" ("MEMBER_ID") ON DELETE SET NULL ENABLE;
  ALTER TABLE "HELLOWORLD"."REVIEW_COMMENT" ADD CONSTRAINT "FK_REVIEW_REF" FOREIGN KEY ("REVIEW_REF")
	  REFERENCES "HELLOWORLD"."REVIEW" ("REVIEW_NO") ON DELETE CASCADE ENABLE;
--------------------------------------------------------
--  Ref Constraints for Table REVIEW_PHOTO
--------------------------------------------------------

  ALTER TABLE "HELLOWORLD"."REVIEW_PHOTO" ADD CONSTRAINT "FK_REVIEW_PHOTO_REVIEW_NO" FOREIGN KEY ("REVIEW_NO")
	  REFERENCES "HELLOWORLD"."REVIEW" ("REVIEW_NO") ON DELETE CASCADE ENABLE;
--------------------------------------------------------
--  Ref Constraints for Table WISH_PLACE
--------------------------------------------------------

  ALTER TABLE "HELLOWORLD"."WISH_PLACE" ADD CONSTRAINT "FK_MEMBER_ID_WISH_PLACE" FOREIGN KEY ("MEMBER_ID")
	  REFERENCES "HELLOWORLD"."MEMBER" ("MEMBER_ID") ON DELETE CASCADE ENABLE;
  ALTER TABLE "HELLOWORLD"."WISH_PLACE" ADD CONSTRAINT "FK_PLACE_ID_WISH_PLACE" FOREIGN KEY ("PLACE_ID")
	  REFERENCES "HELLOWORLD"."PLACE" ("PLACE_ID") ON DELETE CASCADE ENABLE;
